insert into DOMO_REGION (REG_ID, REG_NOMBRE) values (9, 'UCAS5HDYJCYX9BO3Y4IITBGQEYS6SJ');

insert into DOMO_REGION (REG_ID, REG_NOMBRE) values (1, 'YMU28LRP4NL09RVQXUYCMY7YM70CS7');

insert into DOMO_REGION (REG_ID, REG_NOMBRE) values (4, '4 J2PWNFT0IVVJ9CX0W2DLNQCED2I8');

insert into DOMO_REGION (REG_ID, REG_NOMBRE) values (0, 'SL3A 7F7UPBIE9S 80I45HDQ5FML2B');

insert into DOMO_REGION (REG_ID, REG_NOMBRE) values (3, 'YOVFPQUQ8EM850PB1G1KIL7PBU71B6');

insert into DOMO_REGION (REG_ID, REG_NOMBRE) values (5, '5YOXN7Q8N8P5B8UXCGL9 7NOM9X4G ');

insert into DOMO_REGION (REG_ID, REG_NOMBRE) values (7, 'RJFF8GXEYS4W6WETFKH95YTLI HN7Y');

insert into DOMO_REGION (REG_ID, REG_NOMBRE) values (8, 'FKLB81M9Q7PUC1DNPDHHBJC3LNYQDP');

insert into DOMO_REGION (REG_ID, REG_NOMBRE) values (2, 'Y3B8QLWXTVIP9WL5D A4 6AWYPFT0K');

insert into DOMO_REGION (REG_ID, REG_NOMBRE) values (6, '20PVD2JSKTRKO0K6C6H7GGW5ATVFQ6');

insert into DOMO_CIUDAD (CIU_ID, REG_ID, CIU_NOMBRE) values (0, 2, 'WQQP15MJYKIJ434CHSWS1YQXQOUAYBCNCI44QYWP');

insert into DOMO_CIUDAD (CIU_ID, REG_ID, CIU_NOMBRE) values (8, 8, 'EANBD2RAKISMX43HC8OJ5D4UFXWGK23LDW1QG3NB');

insert into DOMO_CIUDAD (CIU_ID, REG_ID, CIU_NOMBRE) values (4, 1, '0FM98E FFCVOJ0P7RGY9VOVF8EYB61FO99BBFLE8');

insert into DOMO_CIUDAD (CIU_ID, REG_ID, CIU_NOMBRE) values (1, 3, 'TT8PJ7FOP664B4GW7EMFLWB1MIRAAMRT24IFV0BM');

insert into DOMO_CIUDAD (CIU_ID, REG_ID, CIU_NOMBRE) values (9, 3, 'FVJHTYI3A8ED2W0G48XKVL1GLFKMKOUUV YOISCI');

insert into DOMO_CIUDAD (CIU_ID, REG_ID, CIU_NOMBRE) values (7, 5, '8WMD8BTFM6SFIPSUIJ8WVN1HRLG YIP3K OI0NHT');

insert into DOMO_CIUDAD (CIU_ID, REG_ID, CIU_NOMBRE) values (2, 5, '46JW2OIIB1M70UEJVT105WJOF2CG9YQ3 PWQHGD8');

insert into DOMO_CIUDAD (CIU_ID, REG_ID, CIU_NOMBRE) values (5, 2, '6EB69 8M7LCSJK98DCUG7OML6FRWIXUC6HF0J8YM');

insert into DOMO_CIUDAD (CIU_ID, REG_ID, CIU_NOMBRE) values (3, 8, '5GM13UWWHVAAEN3LGIVG2FX3T02MANKRBWNTWPR3');

insert into DOMO_CIUDAD (CIU_ID, REG_ID, CIU_NOMBRE) values (6, 5, 'O6CBT0XYARXEEM65DDDV6HLN1244CALOLIMXT2D2');

insert into DOMO_DIRECCION (DIR_ID, CIU_ID, DIR_NOMBRECALLE, DIR_NUMEROCALLE) values (1, 3, '5OTO7KE8SYQXQSXDPQ3OL3HMVOGKURD19GVU0UIVT KOOF5LJ1', 8);

insert into DOMO_DIRECCION (DIR_ID, CIU_ID, DIR_NOMBRECALLE, DIR_NUMEROCALLE) values (6, 4, 'HW3UOGRRBFT6HOBLC8VT3D7XR2H67  BPSGD6CMGO3AGCG8K5B', 5);

insert into DOMO_DIRECCION (DIR_ID, CIU_ID, DIR_NOMBRECALLE, DIR_NUMEROCALLE) values (5, 9, 'M3JT2M0BT5VEM2EHHNF9S4J AJ8O8XQY YC4U3J 66 OBXTJP9', 2);

insert into DOMO_DIRECCION (DIR_ID, CIU_ID, DIR_NOMBRECALLE, DIR_NUMEROCALLE) values (8, 1, 'T3SDCVR3GLTH4ECBW57I22TRCH6SP GGVPGY4XAEEER2TCYSRO', 9);

insert into DOMO_DIRECCION (DIR_ID, CIU_ID, DIR_NOMBRECALLE, DIR_NUMEROCALLE) values (3, 8, '56WYS WGNLD5U63QXSETBFG44TUVTKFBXLVHWNI3FINUSY1UKW', 3);

insert into DOMO_DIRECCION (DIR_ID, CIU_ID, DIR_NOMBRECALLE, DIR_NUMEROCALLE) values (0, 0, 'TF7IT8I7 8JU9E0YVCDXVMYB8JLPUT 2UNF9SO3W4KJGMEDL U', 1);

insert into DOMO_DIRECCION (DIR_ID, CIU_ID, DIR_NOMBRECALLE, DIR_NUMEROCALLE) values (2, 4, '8A85NNRYT1K2GM911QRW22XJMHBDL3521EK07KOCB11PPX6G H', 6);

insert into DOMO_DIRECCION (DIR_ID, CIU_ID, DIR_NOMBRECALLE, DIR_NUMEROCALLE) values (7, 2, '4VVLXS68T965KQTFNDIT3S01HD50UIDBVXR3PWR33EF4GJWQNQ', 0);

insert into DOMO_DIRECCION (DIR_ID, CIU_ID, DIR_NOMBRECALLE, DIR_NUMEROCALLE) values (9, 0, '5S2C6LN2YJFVP4ISORUABNNGG0 0TRD3IKQVBBS83W60N 2NHH', 4);

insert into DOMO_DIRECCION (DIR_ID, CIU_ID, DIR_NOMBRECALLE, DIR_NUMEROCALLE) values (4, 3, ' CYNJM3HHMH73RTS77A0QOC0ED8441PRSB60BD0U7Q1UOJ0UO1', 7);

insert into DOMO_TIPOUSUARIO (TIP_ID, TIP_NOMBRE, TIP_DESCRIPCION) values (2, 'NR55W SS2T3EI66SQHJU', 'W2LM8BN509KK0QQMB7V11VNLR4S21F0D60M3IAX9IBB75EFFFXRHUQKON5HGBH2JUYBMC6GFAAC9O58T1EM4HY6QOIOLK1L9SFCK1G651BBQROAMWOLY9P16VF2OI2 RK 7I 2ES2MYXQ84GCVN6QR76X49331Y0E8DCSJTCEFRG3LPRH1PCHD3Q6TRMC0OT6T786XLRQ 86I1DOYDLAECKKLS 9JKPSEE O1S8MCMQ8REX76102E1T9TC891R ');

insert into DOMO_TIPOUSUARIO (TIP_ID, TIP_NOMBRE, TIP_DESCRIPCION) values (4, 'NGUG3D7MTVAKS2JSND6N', '89NVCF7PD7NH1U0H248K3NBI36VR8E8WBNAXAJUC8YFQBUUNSG8T FJQ5LOO0B68Y 36SQVW6XCJ228EOJ87O5PVCQ72QM86THUHGKYJ  SWJW63UCM2FE8UBUWTSCMAFXDM3NCU6S9PA 5K4HOMP 3WIU6SWM4L0SHCWVSR4K7R70707AR2ARVP6BLS1U0HM73886LOW94RBXT0HPBG9ULC9JNFGF3S2Y4TUQKDFEMD3R4K7BQRYEUCKCVAP0P');

insert into DOMO_TIPOUSUARIO (TIP_ID, TIP_NOMBRE, TIP_DESCRIPCION) values (6, 'R 2FBI5GWYOF1OP4MF8 ', 'O FHHPU11D8726RQ5DEHU UQKPCXVKFRTRS5L3XYB7MJBK9RJPV1HAOXAYQDK6KM8IP6EINO5457FGSV TBXE MLAHCWMXL9B9NJ TQ5 6YXND1B41YP5MIGL7Q58FQ4YONBG54WM6WD55US HO 8WCRSS2WJOE7CAGNQUVVAOI9YV7L112B3VA9SQ7UJW636EEMOK9OM1YE1V9H4E9E0TNAW9LS4JRSI2IE2CNBNF0KATCTI15W8DWOWFEJ4G3');

insert into DOMO_TIPOUSUARIO (TIP_ID, TIP_NOMBRE, TIP_DESCRIPCION) values (9, 'R3FVL48P1L1FNJG6WLU3', 'WT5I7JCLGTR7JFNVGV69IUDORV1FXAP7LXAP9Q3T6YQM86KIS9VR W0QHFP4U8L9H5X4S3E66CU3J420P6WG2CP29ISM6HTMR67E30BONMD0BQWAPHVUL05P1GGPUH8S625VHS9HBWCIKG5HSI51ENEYC2MRVM2HXCHGBNSXFKMCAI4SEYWVBWO65I2X65SGVVST OWJSLSXF6GNNV1R9DL 2C8VV65R90D8WVRWQ78B2K1K3U9U5IY25LG2XU6');

insert into DOMO_TIPOUSUARIO (TIP_ID, TIP_NOMBRE, TIP_DESCRIPCION) values (0, 'OYYET238T52M10OMNKL1', 'GYGCMG7UU2459AO2BUQ4WYOWB1MRII38VDBKK6GXC7EI37HYQJWUAO5TRV90YPTVGC5QDKE2G2M0WWRITC1I4A5FKBOUPOS0TDUAV5NKI3M7CMAPT0BX4WQO4LJOUMPSPESGOHS2V9RDRIOV0P9RPJXTWGTN1Q6N1XO8Y68F62QL8TKKX9UEVDNDL6YSL8QCV PGNUCT4LORCTBO6XE0DIO6YJSTJHRVG5FN76EQMC5HFSDCMKPKI5QA0XK9HPK');

insert into DOMO_TIPOUSUARIO (TIP_ID, TIP_NOMBRE, TIP_DESCRIPCION) values (8, 'UKQALDXVVPK0FTM8RJHK', '68OXT7KIFBU7RVTQKH2TEWPHUYYOMUYGFP13PAT0J5KI53CX9 9TT6 BQ H754YMD5CWC27P7RW5TO08FRN7U93T 2 Q4WMS78URN0GLV HKLGHQ14GSDLYI88FJUKB4N1LULHOPI6OXB7RPKVJ FIT1S1LLP9P Y FU5U7BM M0TK5I27PUXA29FC0I14OTY0Y7CALTAK9A137Q2OE5 3J4GH LA5GBXCK 7XTR2DBUVAR3N9X9L08RP5NRW9I');

insert into DOMO_TIPOUSUARIO (TIP_ID, TIP_NOMBRE, TIP_DESCRIPCION) values (5, 'RLSJTC 8 GRMT6YHWQ D', '8QQGWSS0V2D9GAIXIGEC9W GHKGVMBBMJR8JC9SM0YUDKA05YNUHV WUQY BE21TCXDMDORF7VKP7V03MVU0E0K94ALG0O1FYO25NAHFMKM443MQWC CX6OVDJPI1QW2Q0LGI9KYN7M9Q1SAATAM3OT4G80HOT2NAEQN0TLJPMGG1TGCEK6U9SJQEDN6SJVADWKJS704I3IYRMFN3EIRER6QFJ85WLMHU3NS5R6SUFJOAKFCBOIW6X4D UPR8OH');

insert into DOMO_TIPOUSUARIO (TIP_ID, TIP_NOMBRE, TIP_DESCRIPCION) values (7, 'X3XOXAP4OWNY286G9RKA', 'YR2WU2SD O0PEKV3S67TLVLK8JVE5MHIQCHPW7NSF3PLMCTXN0GIXG6O7US58JSO3 GTXTQI4E 6OWMDU8A SJ1GDPB4P5DXL4QCPVGIB1RUN7MSLF86TDNU66NV29105HIWSY9QKLIEEX4EEC8AHYGQAFKGJDONUWKGIBMXQRA1KDJE1XU1 SYVPQA87K4G4C6D W3TWINCLG7TK73IB5PVNLO0VMBXPY5G3861HVMCQSLNDEL6BY7DPO31507');

insert into DOMO_TIPOUSUARIO (TIP_ID, TIP_NOMBRE, TIP_DESCRIPCION) values (1, 'K22UETWN60I91BTUCNNL', 'IJ1VVIKG451UGXO4R0XGXHQ4TOQDWESQJX188PRKHWEGI 0CXG9B36O0LOPXNTQX7ELLJXD3GWH5RFCPUU5DCKPK01QPPC8TORGY75LR9QY3SNYT3NECTJAF8H27WPCG05JR279837N1OPP76N1F1SMDDX3DIESY5YX1AOW9 DL9UK4JIU7GWRJ4FLFS6RYGYTVCKXOLWLXK6VGGEK7QRQIFC RHXTV46QRPW3D1OJY9X3JL2EJ1DRQ5WW029F6');

insert into DOMO_TIPOUSUARIO (TIP_ID, TIP_NOMBRE, TIP_DESCRIPCION) values (3, 'U6XXFM2TWD8PRCN52EKJ', '4IW5RQ3HE5537RGVPN8TSUL 3VF6O299PJUPMXM5KYL1TR1NI56UVQWP4UVIYKP43PDCYP75EOEI ELPRJQJP1016DXB2H EMGJ1 S3YUTCH6JRGANK A24Q5XF4SW2EK1Q E6BLTSG0EJV4X7PG2M581UNMBBO39OKIIDRWBW2C513GIWEC3VTMUC0LHLE45H 419 8CBTWH5CXYA98XEMMLNB1K4KQLH6FD4DP 7L7 EDM7T3UN7UNBTJ3FJ9');

insert into DOMO_TIPORESTAURANTE (TPR_ID, TPR_NOMBRE, TPR_DESCRIPCION) values (9, 'RUAE8D343UJ8SHPFVH4KF69B5REO1K270YBDLQWE', 'CO30W H5DMPFBBGQ C9KQ893SPPTVU6P2HAIX9OSO XFNJC42NBQY23WLQLT2RBOICPFFJDLQD8Q4Y E1N5R2X0308SNLF07LSVEXMBF65QD2TUHHUN8HPFUX08S7SUVL7 0RMHP1H6CPNIQFFBUJPTTJKGRK HV8OYXAX CQBYN6AS48GE7HFW8HBQ3CJSYM5AVN71V4E4DJVJ4RQO1GOHSSBXEY6RBAB4HYD38F9FLPRXR8TQ3JJLRYILBVXJ');

insert into DOMO_TIPORESTAURANTE (TPR_ID, TPR_NOMBRE, TPR_DESCRIPCION) values (0, 'U9QTL70 5YWXTU3O446I3JK8M4UX7CVD3MVE0D0G', 'R5LCL7OQYB57HLM4J82O4NDD SKXFC3FLIBFWCNN5U5I7YGJKUNDWPT3QKXSGNAXN5GIA61REH40WFFQFHH89FU9XYVP2WDOA7UEJFW3T3Q2UM3D90AF2JMIW1EU23IFF72JJQNU1 CN908EQOIR7MNJMBC05754H4J28MVCAS6GF YQ15FML5PCJM9P62YVFBERIKH5AM8RPUKMWG466IV0LAK2 F WQLK1CWOX9 9KESRDL4F4Y1FRD0DVDXI');

insert into DOMO_TIPORESTAURANTE (TPR_ID, TPR_NOMBRE, TPR_DESCRIPCION) values (3, 'NL9JREBTOWJAMFNCVBMJ5G5MX28O FFDFQ9F8YSA', 'OF2TYQVYG0RSGXXFHW0WWXX00UWMLA51P3CLBQN1QTA4QOARK4E L4BKANF2COKHQSF7GDB WLAFB2SAF5YUWN77CWK4VFJYM5PQFRU48NTJTM9P1BUG7LJE17L5LLCTFB 00 417WH5GUE4ILHIJ44XDQA5L57SB GNH8XMEU5O68WU4EVJMCQSK8Q L76UNCQ3XPY0LD8EIDAH9P9VSI1AXWI90S97X6UI0KTPP1EAOU0WI1EK1UJ0YIKEU0E');

insert into DOMO_TIPORESTAURANTE (TPR_ID, TPR_NOMBRE, TPR_DESCRIPCION) values (8, 'DYBQ2N5BPH56B26D32A0FDFOTQVX8HRVQYHB2 QJ', 'P80WI6 RNRXV92LAD7I9PJCC487FTV6LNDJIO TWUQTKD TNLHT8SJURTVS2VLC9KVCFJVWPBGQ2834T5L D6FA9IME5Y6JILK1 AHPT5TEIP1QEGM1TKAUN42O2 B4KCR37791421ANPF56E2SFQ1XU26Y0UJRQ14NRJM N8TP 4R52GTTNII9XBBFPHABJDQPWNUWKD6OLWGR5L5JOQHU7D71LUW1NM41NV5E7RL071RDOCR188LY082HQYNC');

insert into DOMO_TIPORESTAURANTE (TPR_ID, TPR_NOMBRE, TPR_DESCRIPCION) values (5, 'F786XJ6GBCUSS1YJ9DYR29RCR6H03C35SI62SKBP', 'WL65MKMG26 DAJXJ3RRAUWD5 HHAWTP19J6E25B7RYM4UG16WEN0KPCAS6FPHH35VCWWX3373Y5GNV6HTEDO6LVHC AUJ3VY0DEITUU51IQA2V8XQD8L3J85N WJRPU45J9W XA4PLUE4L07NJ SEKLYWXFDJJUHVADJAU1GCMDAJ8BDSJQ3TP2WH HTUQK7YK3MD7NQDLO9MYSQGN26R3M7UX41FIKR9V57DKMVF0GEF1YV6MVD8T8EO0R K4F');

insert into DOMO_TIPORESTAURANTE (TPR_ID, TPR_NOMBRE, TPR_DESCRIPCION) values (4, 'FV98K6UOSV664FKLXAIENF7H2S YTS 5N1L98K61', 'VYAQ17L816VUJLP9MJSJX 0NBR08G9UIJ6BEQDYTNJTDDF946FXUSCUM04CRY6 50D32M3AJHLW0BX1SXQFYNBKRWUS0SLWKX186T7DFJIS2JPDFMN6E4LEMN7T03H W3XWFA6XJ4NMB12O58DL7GHLM5OB8PHK7NTR2P6RPSJ3WMXDY1ENRQ0G3MURIBU5E S1NJ1PQEUGESXVPKASTVRCBLG56CG5CU I627KC3FGSXAP8OS3MH1LFUF0U0 4');

insert into DOMO_TIPORESTAURANTE (TPR_ID, TPR_NOMBRE, TPR_DESCRIPCION) values (2, 'YSY5S07PDELO9YC12THLWPVWUMSHCSEMU7JAH12V', 'T7PF2BS95C8DG3XD8HT1Q1TMHETEMCLJG9GN44LOORF167GEBEER7PPUHNUW038 TLVGJ31RAFBT5X1C12RUFIYQ97VLWUF2F1PS M9HDICKYRKVTH9G98HRMYG7KYDDNNY0FUXV5N3QLVML UG8VEVG92AUQJ LQVP2CQIYQLE8ICC5RQ0D DCCR279IIQDYA7GJ11S7I4KHXM9CWROKAS2NO7PFKUGCXW5B79GIQDQR8XOQGPC30S79WGXE54');

insert into DOMO_TIPORESTAURANTE (TPR_ID, TPR_NOMBRE, TPR_DESCRIPCION) values (1, 'LYISHG E6VBG0Q09DTI1IE5O2HWTOCPHSVT8WF0E', 'KXYBO9LI4I D9YMG5XR 7F8HE 398SJ1JMV74H8UYX7J9470HSHXKTGSB0T3HASS39JH2F0X3ILEAOY2G3IYBYV6OGYL02N45KY5NYJ3TSPNIIKR H2QTWJU9DOJROSJK6HFID8EC8C7KTIVXLO0149MROEU52J57LSMVBBF0AJ0OB1V7W3QEJMY17VN3L3P1BQBEXQJ27OAK19TRTC VE00XQ1651CO0NK4EOAOW7EDHGYHLLS00FJL8X8UBL2');

insert into DOMO_TIPORESTAURANTE (TPR_ID, TPR_NOMBRE, TPR_DESCRIPCION) values (7, '8ITL37MP277WBRFJRGSOUQ32JGVA58I NT7S5D9T', '34WQWMGHHVDMP7GR9PI27TR64XB 75TQQF60LEMN8FSK 3C195M14XUMQVD50QPMY LEDJTXT AOY R07 0VHFND53IU3ONUUU49HG86W0SQL8VLFCK26XHPUIYHJ5G645M6E2C1O0YT1R4K0C5C6N2OV6XRHTCB41W0QR402JG7J2GEM5HQPAJ4 5JMBXWMVRNY8JWAN6UJI26FMY8J31HOIIQBI55B2GGGUXEWMHJPJB0P11XCUPSPKDHFQUJ');

insert into DOMO_TIPORESTAURANTE (TPR_ID, TPR_NOMBRE, TPR_DESCRIPCION) values (6, 'DU3JDAFSKDTHIVEC3ETSW6V8D7EF9CRD9387E6P2', 'D1EU7KWSMU3YVCT34HM20LLUGTVKOTRVIRV89P2N1VPBGV6YBB0 O5IEUM6O8P9EAW7YVMIWIW S93GIPIJYTHTML JIGJ6S0QP6LTUX5QNI8AC5HOJ72OE4BL5I L 2S8R4C28JXWGEPSYMN4FRH2PT8SA7QBJOH0RQ65DWGJ7D9302 RLMB2O5GJAV BBJSD51K4HLAGQ8QWP118IQ48TWWGGS6BCU36EU64BMO5UOA0VK4ROVPC386V63494');

insert into DOMO_TIPODEPAGO (TPG_ID, TPG_ETIQUETA, TPG_DESCRIPION) values (1, 'HQCRLT6OWPC9XSQKE8S3FE30YTD6KS', 'FCEWJ0NLWWR845D2RBH7RVG3EQ50YH4XXFM8JLL52NEKPO2IJ2');

insert into DOMO_TIPODEPAGO (TPG_ID, TPG_ETIQUETA, TPG_DESCRIPION) values (8, 'AO1R4DBQIH2L5O7M3A43DPGQ8DLYEU', 'A1DBRO5X0VEBC9ET6Y6Y8P S217E4QBNVJWBMCKATP9C3KG2IV');

insert into DOMO_TIPODEPAGO (TPG_ID, TPG_ETIQUETA, TPG_DESCRIPION) values (3, 'D90G87S9RXJG30 9MA5INFPFPHT91D', '57GUAKFX379S64DLTMTXDXEECNGRMPG1PUYPP1EMDB0F8G5C5I');

insert into DOMO_TIPODEPAGO (TPG_ID, TPG_ETIQUETA, TPG_DESCRIPION) values (0, 'FT942YWSABQC4X SPI9MC 0XR7V9WD', 'XYBXSXWODDI4YLNT74089PLDO LHW GLBK48EFP9GLTMDU8FGL');

insert into DOMO_TIPODEPAGO (TPG_ID, TPG_ETIQUETA, TPG_DESCRIPION) values (4, '586LD8LHLDNYNDCNR C944NAVXJG73', 'Y1HWSHAIF KWRW5MLPV84O996GA9DGR9DBU3K2QOXMDNPUBJK5');

insert into DOMO_TIPODEPAGO (TPG_ID, TPG_ETIQUETA, TPG_DESCRIPION) values (9, 'E3AYA2Y1IJP6CPUK03B 52NHY1ERXO', '4R LYYBQKHC1WX3RGB10NUC U ECIIX7COP3MS ICA4OI2Y1MT');

insert into DOMO_TIPODEPAGO (TPG_ID, TPG_ETIQUETA, TPG_DESCRIPION) values (5, 'IPQ1X1X01T876GSKLADPL70DOCM9T9', 'WLF0VJSPJLAAIH2R6M0MXN4M3EXSXN0VAIATUP9UAAUB9H1WV3');

insert into DOMO_TIPODEPAGO (TPG_ID, TPG_ETIQUETA, TPG_DESCRIPION) values (7, 'L G8N3M0SJEH5FANXY1IQSTAE XX3W', 'RXY3KK8ICUW1I2 T7LKRMLEGAO5KB8ST8UWIOE1TPOULC062Y9');

insert into DOMO_TIPODEPAGO (TPG_ID, TPG_ETIQUETA, TPG_DESCRIPION) values (2, 'GHS1JH 07J49KNP4LC9L0VGNHXA8R7', 'EXI93MF6338YFGK5MLRHJHPDSKYKP31IP9UD7MU768FHU5PB1W');

insert into DOMO_TIPODEPAGO (TPG_ID, TPG_ETIQUETA, TPG_DESCRIPION) values (6, 'TT2J7S0XLJUGO5ULF4XATR6NVFD28S', 'DFA2UNP34OU8TKWUVI1R TE3RELECF2XCXDMGYP9VHG8EDFK0J');

insert into DOMO_USUARIO (USR_ID, TIP_ID, USR_LOGIN, USR_CONTRASENA, USR_ESTADO) values (1, 0, 'Y9RM7IIE3DFRFN4XAWHG', '2KUXRSVJ4V YCP85JDNFNWD5GW2B0PK06T  68D78U3B182CT4ADIM4I00GTGKTKDLVRQ9YTMRAJIARI', '06P0QEJXRDQNXBOKY2QA');

insert into DOMO_USUARIO (USR_ID, TIP_ID, USR_LOGIN, USR_CONTRASENA, USR_ESTADO) values (6, 0, 'LMWED1MLPIV4JCDBOOU ', 'ASLSGPUVTQ2BBKBNBEFOF61KWU65F3Y4YN2I5JO4ELKCGGXWC9M3IGG2L DLR1SXLM6BGL8J5TK8 72A', '884YTTSR04D92HIE20H3');

insert into DOMO_USUARIO (USR_ID, TIP_ID, USR_LOGIN, USR_CONTRASENA, USR_ESTADO) values (4, 1, 'KHB180LHE012  S1JMGW', 'MXG7JPNBVPI7RLW8QAFYLMQV79OA9XNB4U 6BNKPT687WGIMQWEY0GU8FFMPYV6SL1810AN26A9R1HD6', 'QLD4MJ9OL4XJQ4WK9 HD');

insert into DOMO_USUARIO (USR_ID, TIP_ID, USR_LOGIN, USR_CONTRASENA, USR_ESTADO) values (8, 6, 'L3M6 X67Y7W8U3X9M7VN', 'PBOUG2V3IJ3L FMYI9CQXMYMLKBX9OQAK3U1 NJF FV M7JG5UF6TY 0C35NW6FV GKTVI5K1JOQDX D', 'NPCYVCJO9D3LG3MMU9VJ');

insert into DOMO_USUARIO (USR_ID, TIP_ID, USR_LOGIN, USR_CONTRASENA, USR_ESTADO) values (9, 5, 'IV85FMQ1ID4LXGGQVI 9', 'NUN2KMU9NRLTL9P6F7JGR3K8Q1EO HJ5TY74G84SE0G7BGIV5WF0H26KWRTLJVDPAHBW FXHA LH9B60', 'XH6TSBO8HXHHFNTH4TR0');

insert into DOMO_USUARIO (USR_ID, TIP_ID, USR_LOGIN, USR_CONTRASENA, USR_ESTADO) values (7, 0, 'F4S GVLVKK9VCI5XOEAQ', '5P0K76T434T2FC28HG8WY4 LUGV7WNO2AG11CD UR9AM87VHMI9HFBFRBV9X1DF 3MB9ORL5 X8RV0IJ', '5B0T4LI8J4PKSSQHKKLR');

insert into DOMO_USUARIO (USR_ID, TIP_ID, USR_LOGIN, USR_CONTRASENA, USR_ESTADO) values (5, 0, 'E2NSM9M73P2T94N47N1Q', 'N O R601QCN PMF  BO05L5QQLJSKE7VDTVLM0 XYN2Q8K7T3D X1AOURA8 S7QFAN8EWD6BK5HD9NRK', 'DFLY3X1BU4SXAEV050LK');

insert into DOMO_USUARIO (USR_ID, TIP_ID, USR_LOGIN, USR_CONTRASENA, USR_ESTADO) values (3, 2, 'T3 NW6BWBW6EPLK19TF0', 'C84LYER0JSCIAFFGQQ4FUUUG0X 0OFQQH 2FPMG8CHYF355PU10MV8W2EQNNNM7AYFPVFVEX9F3QJO8A', 'G5DTSJP8QXJ9N2TH2X35');

insert into DOMO_USUARIO (USR_ID, TIP_ID, USR_LOGIN, USR_CONTRASENA, USR_ESTADO) values (0, 6, 'SD9MHKNB7DN1XEE8I9T2', 'P8175 09B47DCGYWSH07S6AG6TSVOBBR BN9RHMT TAIJ2 6PI BNCC1NALPA0YS3LPISEJG852HBHTG', 'I6PV4CYA7HMQ9APPNT5G');

insert into DOMO_USUARIO (USR_ID, TIP_ID, USR_LOGIN, USR_CONTRASENA, USR_ESTADO) values (2, 2, ' E9CPK3L8CEN231X8QYY', 'K0T3PCR8AF5RH7ECO92UUAHCT3 BY5D4GYSW6Q WPIY0NWW083H3SSO2C9GV0N6Y8 AYKA0BCGF9IA6R', 'QKTNETR4VM7HNP4AKKNW');

insert into DOMO_RESTAURANTE (RTR_ID, DIR_ID, TPR_ID, RTR_NOMBRE, RTR_RUTACARTA, RTR_DESCRIPCION, RTR_OPVEGA, RTR_OPVEGE, RTR_DUENONOMBRE, RTR_DUENOAPELLIDO) values (6, 9, 8, 'NRVA1KLF8US2 ONN5KYCPXYK3S5KRK4JWVAT3SAM0PF0W84GTA', 'C5S9U1JDHNW5AOENUAXD51M6W6JVRMEN0M2AHI5OLAO47QLN MH0JPFH1BW4PRTN6XVN T563MPGM6TWA1CVPHFSXALKERHEL MLVJ1HFM9HW7RO0T2L2HJA1VOEHT0B7C 4E9BI5S4A22YLPOLKNSQK1BIKB7W53 60EMBF16DQR UI0YA 5JTEPG VW7KVGIQVF9CNYCKGBBTKQGVSYYHW2MCTU3DTO0M1OXIYYENVPB57TKKS18DG8O6PI8H', 'IJB1WYFWFDBYMF442IG835E3KWYALU17S QQVHCRXKHJOUH7X78ES3AI86I5OSUNI3481OJ7LEOHNWU5GXLUW5RKJOSD6YPWRT17M77R8LXTJR5FIIB8M2O1JLNJM1N63UODO0SE3N NASH2AI BY 16MSOAD4U9EMUI8AVNUU74SO1MFBQUW7YRPY08RGKG1E1C8K6LJALETC94X1CMBFS41KK10PCMQ8FPGNLSMSVN01N7ALDH K 5AUUH8OR', true, true, 'EL0FRHA7396YWK3742O54H8BRLEVBH20VS6DP3U5', '8IIW6M8MUGXVTXI8GGB6LVQRXHQKVH79KH5XBCBK');

insert into DOMO_RESTAURANTE (RTR_ID, DIR_ID, TPR_ID, RTR_NOMBRE, RTR_RUTACARTA, RTR_DESCRIPCION, RTR_OPVEGA, RTR_OPVEGE, RTR_DUENONOMBRE, RTR_DUENOAPELLIDO) values (8, 6, 3, 'TJMT0NC16I6A9YTL2N2IPXNEBW093DBSRI8JV7GQTX7TW119I2', 'IC47N AXC9 Y7JD04E4XF3K0OG1LOS01U3 9MT4L3799F4WICQMX2GAUJ7L0KCT4WT9 MD7DTCXPCD9L2AYXS3N792UA1E2N5J7X7FD2CB6VGXY7XMNSFM0CBSRQKY8H9DL5JHHDTYTP41F4PHPNOEQFIAV0CJUD6ON0RMDXOA4LGL83JSN6 B7IVM96DEE 7X7CMN 8LEWCB6VOULMBI0VLS1GRGGHVVRNCQ08PLMJ5F0YG936I9Q6HUVNM48N', '3NXRFNL5F 1D4 AY0BRV8KT47JT08HKLTB2KEFQ13WE326V16AYNUNP188BW3OTT6O2WJDPM114OR0VVWUG66QYMOAXYVO4I541KQVGEXI4GIRONX2CJ67O J  DE7HX8F   C521S8DOOVQIFFHVD5CB1OWIX6HFRK9A 9F6TX2NTELFSBF8H142JX05FSPCOA3O KHMVLTU8HU1GEFBL7VC GT665D07HW6F3B8OAKOTLA54W87SUBBCR2MID', true, true, 'KV6SF0VV BQ8FQKU18WECVUCIBJ1JTMY4J7QCFDM', 'XLEYLPV9UBWHNEMDK6QHQBTLXVXJTGU5QCF4VR6D');

insert into DOMO_RESTAURANTE (RTR_ID, DIR_ID, TPR_ID, RTR_NOMBRE, RTR_RUTACARTA, RTR_DESCRIPCION, RTR_OPVEGA, RTR_OPVEGE, RTR_DUENONOMBRE, RTR_DUENOAPELLIDO) values (3, 3, 1, 'FLHLQEBFDUBAFXDRCSPWOEOBSMWMHBHRFKEP5DRSSUPV7QR4MY', 'J YSNJS4OWEVL8 2TROGL2FL0 PF2SYKDNH394POD2CCNYMV3LU6SENOVD60TIHUN8FGNI7VYY9WSL4 KBAIQOMYMG53Y8D6JF1DMECTGN00S0C6DNV7H 91S0NX1NQA65RUFASLUIPPWQS4JRJIH82IS2SA 7GYKN4DQH CY9LHP5LL2 I8K2B0WYYH470WMFW2L1W8KU1HADLFSX0P00S9D7JC7MJ 69 HHU9GCGM82DAEILKTH91XBR77BBU', 'B3P6QW959DCXVNFHX5VP8 YEBKW37FQVLQ09B ECQYE619R7U 7MFUXNWAEIAN1CEKBA KMKDFSGW1I3A313IVHK86 W1BJR1U7RSTL XRV03J6RPFPHVC8INI5TVH6C2BRSD Y0BGCURD83OJXUHGR1O0XPTBWM38CD4B7FLJESU608XFS21HJ Y LRLYJG FTA 1R6 KLDTLUODOVQTPVKAAYWIKRVO7F1MIXLXNVYWCT51E4BTG35M86WNB8', true, true, 'QICJ8XSRTAK6FSNKVY1U9 T9YT P0Y9TM3CSKB8B', 'A8T9LB7O 2M9YEFH 0 F05LI7AJ1XL2T697HUPAD');

insert into DOMO_RESTAURANTE (RTR_ID, DIR_ID, TPR_ID, RTR_NOMBRE, RTR_RUTACARTA, RTR_DESCRIPCION, RTR_OPVEGA, RTR_OPVEGE, RTR_DUENONOMBRE, RTR_DUENOAPELLIDO) values (2, 8, 8, 'BJXE28 QKXULN3 TAXMLGQ9VT 65YNV8SH5YLF2PRABAD88XRY', '0W8DS9IE7WN1WVUSDV5SW2W8RRQR13UEVHO9L7GBRO74508VAI3FX8O7JNK37FMBGG9240WNE27X63V0 V7FBV7F2T0CQPSDQ9U82RTPGE0MQ7R9HDIV3AU1610Q1PA M8NGPXXH9U8I1TRFPBE0Q5RTPXWO8LV85N6JTGTL7JU3WTGVPXF8BLW8L37RSY UBN5IPMSAOH01NH9PJAJ4E3YFQ SOUSY98CMF75 K5L734ICN8GVD3ME33 RC0GU', 'BAGTYC2X8WEMOX53M47U1O3DH3RUANIHD5K0433XXM LHEQLG1ATUN0SJ 9WDTEW1NHIFHYXUY201GX868C7IQMBLPPR859WHEO4JT3WDWXGUXITOFKLLHDV8UK7QAGO8636W 0P8M8W59C12FRWG5Q986VFIJCF2VABPL52DGCR LAIS86K5O97QL612UA72JCM V3N1V1U7PARK0OBMNFA54J3JTRYIESKHQD2TIODE1A6B0KEJ8W25 KYYP7', true, true, 'MGJXGXR1WWEVVUWWVK3BSSFWFYDGD5JYFTS6BUQC', 'A 8CBRBBVODTCHIXQE20YNI3GSYQSN1A73CXKA1L');

insert into DOMO_RESTAURANTE (RTR_ID, DIR_ID, TPR_ID, RTR_NOMBRE, RTR_RUTACARTA, RTR_DESCRIPCION, RTR_OPVEGA, RTR_OPVEGE, RTR_DUENONOMBRE, RTR_DUENOAPELLIDO) values (9, 6, 9, '3MGNYX2HAM3BAL1OPVH61O2954QB6EUGFA7GIODFF0QYD4JXJT', 'HYOWNP68Y3P8AP O2XDXV2HKPOCJQGTHALJLL488P0K4NBE  RUFLHDGAHAS3S0IYBQKVW7FSFS7IEPR4VLES0HYNLWIQBOBKBX18YH2OWY29Y7CTIB4RXAN425X6PV4STQDMUS4N2IMHGMT3VK7  TYR0 L29YWY1PD2LAFKJS0X 10K7RJ5ID29K8A8TTD2A6 TRJIYY2QH22KMUA819QX0YJ5MNN3QUJJ9FHR00IH6TLY64GPMO2A CLIEO5', 'K3US3TPKRH63YXO83DPSDBC7YPLFG3G3TOE HB0C45SRM C5S8QP98I0B1FSUIL EHRJE3JBF7GKTJH2DRT9GAX0CO6UQJEEWXR702R6WBF DA41V1X TAGU7FOC7BRWUTE5UYWNMF51JQ07AG3UITLB DYJOQ75M5V8R6RGMQ69 7INFPMD79I5MW480GYSJ8GP50VFSS9OQQMK3QUOWP04YMIQHYTGTONFQIBCYC9X9834YRBC34K3THKYQID', true, true, '8P4VDLLU64UW4V2JGETLRJL7WX10X1D7WDI9UAY8', 'B0TO6FWU9312C9QQKRPBT2VHX0DSKRI0JLWM YAT');

insert into DOMO_RESTAURANTE (RTR_ID, DIR_ID, TPR_ID, RTR_NOMBRE, RTR_RUTACARTA, RTR_DESCRIPCION, RTR_OPVEGA, RTR_OPVEGE, RTR_DUENONOMBRE, RTR_DUENOAPELLIDO) values (1, 6, 2, '0OEDH3U067JC8GU1KV2 GSXICFXJCF83K3XPIILK8L949CE DI', 'SCIRVGMU2CDDET2L5A11JHVO2T0FLWI C1QO2N7AAS785N5HIBUD4IYICLIC1Q5KNBH5GJSCJGQS68ARAMAGG792GPJ1VRK 1H1DR6G6PR16ISUIBXCK0DOREGD4AHH7US4NA20IT FMO1 KGXC3U5YQ45FF3RHVHBLHR23QUDJIN3LCL6SLI4LPOXI MXV9B2OJKH2YV 9E3HG0O4KT2BW24UMUOOQAT VKHY3WYWS01309N5SM62VUJW3DN5 ', 'WLD1ROGY0UI84G97JLBRIK7CWUPX8V3RTVFGLHG8D3LCXKB 4H62TNF3GMRCICKS1MBSD4X9A89 IBJ23 G6IX29NOFR92HYBOQ620YSOQENLRXSTGGC9I7YFDR9GB8EHSOV5UJAJX70GF84L1VUDUMXT134MSYXFLH9OUETV26VV61NVWL6LUYMSW2PRLK 1OMW5L03OB194DMP01U0ARL2E0JKI9TO9I0JP2OK1RV92O36GC34BBQ PGQGYP6', true, true, 'Q7CCG5PJM3UWRHKR2OQ69TVIKAL1CWBDXXHA8H3U', 'B4ETCP6JIEV4GTG48OMF5VUD9EXV8TILVQQJD3NE');

insert into DOMO_RESTAURANTE (RTR_ID, DIR_ID, TPR_ID, RTR_NOMBRE, RTR_RUTACARTA, RTR_DESCRIPCION, RTR_OPVEGA, RTR_OPVEGE, RTR_DUENONOMBRE, RTR_DUENOAPELLIDO) values (7, 0, 4, '1SNXV4FE3Q TAMKIPP8JE1F8N7PWWYLV59PO5CIH9SI2U2FV2N', 'KGWWK N6W70J879KKIJU1Y8FS2 I GWACQJUNW112R6B2PQ5 AIF92 59VVS9JT2I6I11Q060R53PAMM803JMRYG83930U9LNDF17FWW5GJ6H5HMQRCENS6KG0QT4WYTYXOSOIGBG2X6V39IIO5J E1F8TTQOP3LBFOG90S8MTSXKDBH9WCRGEDSISYTWV7H9LNGSJECX1GMCVEICLL604G609FE5G9SY2SKC5A2D27N6WPCTYK5SGWY LG003M', 'R0GQ1YNG81CY538CNPO3G0LASU427R7YOBS8F066VS0WG4L2F8RX5B31IYWAV1K5H5Q5XLTISHHMPKNODM8VGOPHT6GGLKUOWMCHUX7T08I8OERF2DNLS2SX3QIURJN3CSMHOPCC8CO7B5OAP5HXR 2FBVL1TQWTURHO48O0T G9OSJ47K132IMW5T5WGFY14PRU B1LOHBF YWF19NIN60XXVKLGILQIR5489NMJ4JYMPRMEXFXI37 MD4JS9Y', true, true, '84ERIXXJNF54AJL9B99Y1CAPMSXXYJ9K91994PEI', 'SEPQ5NSHDI4Y69FOTT0DGQP3IHI8TJ8EIU8GG842');

insert into DOMO_RESTAURANTE (RTR_ID, DIR_ID, TPR_ID, RTR_NOMBRE, RTR_RUTACARTA, RTR_DESCRIPCION, RTR_OPVEGA, RTR_OPVEGE, RTR_DUENONOMBRE, RTR_DUENOAPELLIDO) values (0, 7, 4, '7P19AM68XD C4ECP27GF883XKM MK2MWKW2UF9Q TD09 EXKJ3', 'P9L5R4HRLK79Q6DSI99SC3SS6F47I6Y34NXRDHPLXTWNVNQMB3ROOC1JQX9P1HQURBUHYYJXS2JEC WMT9RLE4P19RFV0XMG2264D77CTWKEOSDJXDKT 7QK9U4L3PDXCCRCR1GT9KHHQS6MARLF8HOSVSUMB4AOL9ITJHKQ91SBLXUFBD7K62LR6T2MWO6HNNA1FNDUPT2JP8G 9TU56320WUF4D DL4W2EEU8DB5TNPXNQ2BY2V08ENEGOKTR', 'M06AVY 6FO9DF4NGS6BHCVWI8UNYGLMM9C5PQHVN309YP7YSVT5S24RPPX57B40LXT0TN9UKH8IBXQCXLI98OQDY5R8TETD8PD 0UUCQAJHDHO0GD2FN1E T3 EQA87CIPHHT EGXWM027PEIXHP9YB8XT3QR6I4Y2TFDNJDMWF OOP428D SEONP7TJ0HU7HFDWIUSMERFYKKTHTRY2CUWSBP6RD9AJBEMVMTQN0E7H9HFMFX6CVMBVIJOXJPG', true, true, 'RUEV1B7PWI4C2CQTAR4661JY4PW0SK0W54A8KBQ4', '7DO4KF030L2O6B8DAEYH4 9Q7663Y50I0EWFASKV');

insert into DOMO_RESTAURANTE (RTR_ID, DIR_ID, TPR_ID, RTR_NOMBRE, RTR_RUTACARTA, RTR_DESCRIPCION, RTR_OPVEGA, RTR_OPVEGE, RTR_DUENONOMBRE, RTR_DUENOAPELLIDO) values (5, 3, 9, '9952KHB9E9JWA YFV0GJEFQY5F45FGKCSCWBX DAOJT09KK KK', 'ME3T9QJ0XHXP4KCJHJV045CO9RPSLL6RLN1JVXC5HHODAJ2SG9 K 6QNACN37U49XU39BV0KFBLFC5RNBIW68H3ULBP2PYXTHNB1PMHRNSINH68S2GKEEQDHPD2E6V0CIMG1XMTQBH PQQHJ7 GUV1RCJ LTNUXFM2UBWH902R4E26POJST6YOJREEQ50CG4X0J2D77PYRRID56ICAG2W88K3OO746F0VD8G 07DEFDVEKCXBSY8SKF3PL7RNFW', 'MG907CXJD1CA2K8D87V04O6TINMYGG7H7NW1PJQS3TUD2MR3BDAIO93TO1FNOF81KGW61EWPIIP2SS6HAVMN4G5ASO6GVWICB9I0SFA0Q I1FQP10FWJIFBOODQ05QV3I4L5ICWX9YE22ETRQJV8THM KOM4L ALL Q5J6W82V8VQ0263IWWVDBS2 YH50YNGJ3P89K8G1G7C25D6F0PF S47FKXPH5KA7JHS6FR6F9WPD WE4VT7LLMGWX9 BC', true, true, 'HMK9LNTIV5BNHGJHTGMGO5310SGJYHE2UMSDUU N', '7XR104TMTX0JPACR1D5A7V8LQA7WAPCH9GJAIJE8');

insert into DOMO_RESTAURANTE (RTR_ID, DIR_ID, TPR_ID, RTR_NOMBRE, RTR_RUTACARTA, RTR_DESCRIPCION, RTR_OPVEGA, RTR_OPVEGE, RTR_DUENONOMBRE, RTR_DUENOAPELLIDO) values (4, 5, 3, '2RIMOIDAMQN54E1X68O5 A7O 0 J3O12V3SV2VEWJ7RKM2UUOY', '8BP9RCDY69G4BTOVAHAFEPVWATRSRAG2FJIL6Y5CSSBRR8XHJDMRCILMJDLJ2JUBS8XX16ECDNBQ44455UBDV4ENTQ77MVJ32IYJMAG6OWG5BWBX27SET9BANPJ8FLQ4GTCFBJ 5Y1MRDUT3U57P1LMW1ECQF1W7S3O6H1WQ0WD 9791ISGPFOV2IG3ENASCDN83IREL5T5W23KAMLAHWYXI7T3N7HGM0644VN J8G36TIVLCJ5TGUW3PXEJ5J7', 'DA2YLY7JBJH8A9W CWCEP1LXOV W1SABBOCM LBF2227G2G0Q2X77IGCF05XNBENSI1JU DDQQKAK36SWLAWHJ8NKE5 MHH G3MOM6NXSETAG2BXE4VD3NDO1MBBE4JMRBJUYCV5HGNY9RLEIW6EVMXLF  3S226XSAUVSCDV2YTF7CJETPPXCF17HKEUG5SYQEBL0UGS0NHNIC6YG0XNW 0LOI6WGDXN2GUOMQLTQNAW0 HU1NLQG5WKV9BLHU', true, true, 'WRHIFA5OU0JI207D5S9UBQP58YS03GYBEOFMOVKB', '8UIB29E2MOH6TRWAQ0QBLDWKM5N DX8Q8F0FQLLA');

insert into DOMO_AFORO (AFO_ID, RTR_ID, AFO_CAPACIDADMAX, AFO_CAPACIDADACTUAL) values (5, 8, 4, 3);

insert into DOMO_AFORO (AFO_ID, RTR_ID, AFO_CAPACIDADMAX, AFO_CAPACIDADACTUAL) values (1, 7, 7, 4);

insert into DOMO_AFORO (AFO_ID, RTR_ID, AFO_CAPACIDADMAX, AFO_CAPACIDADACTUAL) values (7, 6, 6, 5);

insert into DOMO_AFORO (AFO_ID, RTR_ID, AFO_CAPACIDADMAX, AFO_CAPACIDADACTUAL) values (6, 7, 5, 1);

insert into DOMO_AFORO (AFO_ID, RTR_ID, AFO_CAPACIDADMAX, AFO_CAPACIDADACTUAL) values (9, 2, 8, 9);

insert into DOMO_AFORO (AFO_ID, RTR_ID, AFO_CAPACIDADMAX, AFO_CAPACIDADACTUAL) values (0, 1, 2, 8);

insert into DOMO_AFORO (AFO_ID, RTR_ID, AFO_CAPACIDADMAX, AFO_CAPACIDADACTUAL) values (8, 1, 9, 2);

insert into DOMO_AFORO (AFO_ID, RTR_ID, AFO_CAPACIDADMAX, AFO_CAPACIDADACTUAL) values (3, 1, 3, 6);

insert into DOMO_AFORO (AFO_ID, RTR_ID, AFO_CAPACIDADMAX, AFO_CAPACIDADACTUAL) values (2, 0, 0, 0);

insert into DOMO_AFORO (AFO_ID, RTR_ID, AFO_CAPACIDADMAX, AFO_CAPACIDADACTUAL) values (4, 7, 1, 7);

insert into DOMO_HORARIO (HOR_ID, RTR_ID, HOR_DIAINICIO, HOR_DIATERMINO, HOR_HORAINICIO, HOR_HORATERMINO, HOR_DISPONIBILIDAD) values (1, 3, 8, 3, '0:16:19', '0:39:38', true);

insert into DOMO_HORARIO (HOR_ID, RTR_ID, HOR_DIAINICIO, HOR_DIATERMINO, HOR_HORAINICIO, HOR_HORATERMINO, HOR_DISPONIBILIDAD) values (9, 1, 3, 4, '0:39:3', '0:11:20', true);

insert into DOMO_HORARIO (HOR_ID, RTR_ID, HOR_DIAINICIO, HOR_DIATERMINO, HOR_HORAINICIO, HOR_HORATERMINO, HOR_DISPONIBILIDAD) values (2, 9, 7, 2, '0:35:58', '0:0:0', true);

insert into DOMO_HORARIO (HOR_ID, RTR_ID, HOR_DIAINICIO, HOR_DIATERMINO, HOR_HORAINICIO, HOR_HORATERMINO, HOR_DISPONIBILIDAD) values (0, 8, 0, 9, '0:0:0', '0:4:7', true);

insert into DOMO_HORARIO (HOR_ID, RTR_ID, HOR_DIAINICIO, HOR_DIATERMINO, HOR_HORAINICIO, HOR_HORATERMINO, HOR_DISPONIBILIDAD) values (6, 8, 2, 8, '0:23:9', '0:32:51', true);

insert into DOMO_HORARIO (HOR_ID, RTR_ID, HOR_DIAINICIO, HOR_DIATERMINO, HOR_HORAINICIO, HOR_HORATERMINO, HOR_DISPONIBILIDAD) values (7, 6, 6, 5, '0:33:11', '0:7:18', true);

insert into DOMO_HORARIO (HOR_ID, RTR_ID, HOR_DIAINICIO, HOR_DIATERMINO, HOR_HORAINICIO, HOR_HORATERMINO, HOR_DISPONIBILIDAD) values (8, 6, 5, 0, '0:7:14', '0:27:38', true);

insert into DOMO_HORARIO (HOR_ID, RTR_ID, HOR_DIAINICIO, HOR_DIATERMINO, HOR_HORAINICIO, HOR_HORATERMINO, HOR_DISPONIBILIDAD) values (3, 3, 1, 7, '0:46:7', '0:21:45', true);

insert into DOMO_HORARIO (HOR_ID, RTR_ID, HOR_DIAINICIO, HOR_DIATERMINO, HOR_HORAINICIO, HOR_HORATERMINO, HOR_DISPONIBILIDAD) values (5, 0, 9, 1, '0:10:28', '0:35:51', true);

insert into DOMO_HORARIO (HOR_ID, RTR_ID, HOR_DIAINICIO, HOR_DIATERMINO, HOR_HORAINICIO, HOR_HORATERMINO, HOR_DISPONIBILIDAD) values (4, 9, 4, 6, '0:26:5', '0:18:0', true);

insert into DOMO_MESA (MSA_ID, RTR_ID, MSA_NUMERO, MSA_CAPACIDAD, MSA_DESCRIPCION) values (1, 7, 7, 3, 'GXJLFFJWB6W5MIUUA5S8PJ16DY59N5E6HSN301F6ERILP2X0MN2XQSXKKUV96X4GOFEI50VQWIJ504W02CGAKUQCI BON7HFUQI1FXG0PWLCBMF5TPODH5DX32MB18X OSSGT4GGNUG5T5SS3JOO5WFT025ER3L0T383PNSMFF 546WCWWJ8N54LY9DRLJADRA PWG02N18F9WF794FOGNDRI5WRT8E2XDAPJ8DBTDFKNCLV0UQ4IYPX4LJA J1');

insert into DOMO_MESA (MSA_ID, RTR_ID, MSA_NUMERO, MSA_CAPACIDAD, MSA_DESCRIPCION) values (7, 2, 0, 6, 'YA9IPIDXX3NBIJPEHIG SIE473V18NCDXUGA8I9UJPHE4PB6WRK4TCQU2VH0C4ORA4XSR04GHWLHYJU0PD62NTSJMSQOMY64AHYJWF R16RM6SJIA9QLD47MRH2S7421LDAJ1S NR696RRM5FIBTP5JHNOLHXBLY0H73ETA EQV2GFDD4DHB8GIDS9U9FT29PLJ WU1F4SYGSG3HM6A3C6SHUAX34NT64PODCWGN8ID0454QJIEG563VVYGC9E6');

insert into DOMO_MESA (MSA_ID, RTR_ID, MSA_NUMERO, MSA_CAPACIDAD, MSA_DESCRIPCION) values (9, 5, 8, 7, 'XXWHU7OS5F5ISIHV7P2Y7KX7J6MNPTDKL5GEDSFAEN6C8T1P 8ONJBNVDAU5EIIE52TDC87AP35A9R32 LDO1U3Y5488 YE3I7KVKDN3B9UC2QLF3FBUPGR9LSNMEGC6HFGX7V02FY62DY4A1QTEX4QPBP3L1374RUD3W59N277H8GW6ISC5IQU6UKO0PUKI TDGNF 78D4660UM12LGPVHNJDQ8KANWN2PLUPI8S3CA16H95GA63XR1TEO38YC');

insert into DOMO_MESA (MSA_ID, RTR_ID, MSA_NUMERO, MSA_CAPACIDAD, MSA_DESCRIPCION) values (3, 0, 5, 0, 'V8JPPDRP7H8EG7B2P60EQQ2GEU661P1730HWEF45N21YUAJEKG51218XRSJY0EKE89E WM6242XV7HR2L6IGMU586OKXH4CR044S 11E61N4R8P8GE12GFB4RIP8H4 U3NQAV4KNHD9X9JSOX5 G1E2YM3K1I SRBTKODPH0NC2K1OA RDTCGUGRX85SORXDFHA8T28CC8OHYF97SVCMC8B8WKO0LXC49FUE2V27B4XCBWH7UCNBRFBOPPMECAQ');

insert into DOMO_MESA (MSA_ID, RTR_ID, MSA_NUMERO, MSA_CAPACIDAD, MSA_DESCRIPCION) values (2, 6, 6, 1, '5OBFUI70Q92 X2NKFSH2MEOV5O3UUN4K9KQIB3JWQY B6NOWYJR8XGQ5906DCN34VV6XR8Q9P8QL5 ANM1N2PMM5C48L248G4H2O9X4ITW1U5KAQT8JRN6VMC9F5DA2EQGO31QETUULCKGTVM5MRKWD4XVWXP FK3Q8TIMN17XYNX7ILSR4VF3F BDO6QHMCCEVQ88E 23KM0VB6P623ELSAH5NC9NCX5JK1XOK24BTDO3NNFHGSQSJX1QO78WO');

insert into DOMO_MESA (MSA_ID, RTR_ID, MSA_NUMERO, MSA_CAPACIDAD, MSA_DESCRIPCION) values (4, 7, 3, 4, '8X8A6HKGMVK AX0BWOS6IWL7L6LHSR440OMVWV3UOCV93 BHKT9 5IFRPTAPG4QMT4V18AXT299RQ67T0U1MWAAHHKDWTQRGWM7GG4DYG1VFG1FAGHEN66O6 LFIQ6PED5UO5T466PR8S6ADV0KLQ9L XR4WE6LI3D1581IUG 3YKGJU GTVJRLF N4B8N0DPM38SKDR982BUTK0DGGSX1UIFF2Y0M1WMVC8BF21CFVY1E7GBBULFOWKFXPWQBC');

insert into DOMO_MESA (MSA_ID, RTR_ID, MSA_NUMERO, MSA_CAPACIDAD, MSA_DESCRIPCION) values (8, 5, 2, 9, 'H2R5BGOHA69RDSHV9X BFWBXFVMT4O21T1KUK8M0H42 10HHV33BAIVN8IP6IFFV498X XPN 9UUAY1J6GW85MB9LS KUV22WADSG3HVMG6OD4W FHCLUYTJH XWV3SC7I7XRJQOKCEVF8XDAC0U5HPQB4M 6KL0C OVOEBNGDHTJF8QU34JQHGOX1WSA NX4MC4R3CU9Q WO01OLHL85GPPIB58LB7DR4FBK9 VFH7MOLOBF4YIW89OODHAGUR');

insert into DOMO_MESA (MSA_ID, RTR_ID, MSA_NUMERO, MSA_CAPACIDAD, MSA_DESCRIPCION) values (6, 0, 4, 5, 'BTWT1IVLUSB1GE3PBNAG CX11GDNY32W3B72WY6RIJV2XGPUT 6XCRX6QA82ANVEPO2CL3P40CFKKGXVLINW8DVW60PSD7C6LPAHT48I394D0XFVTRFJE9PNEWAI8NVCTMF1A3WX2PV1TABXBO PLGO YKBM2W43U1V5SX0JNJCSNSVFDLJWJVANW2S51O1UT1QM4J8N910G7PORT7574ABISWMSAOW5A0 X2NIQOV4K65MM1PNH4HUMSXGU3H5');

insert into DOMO_MESA (MSA_ID, RTR_ID, MSA_NUMERO, MSA_CAPACIDAD, MSA_DESCRIPCION) values (5, 7, 1, 8, 'OFUB8J01DC3OBA4URXML7G176JFNDNKNCVS6AE4BC67IHCLT4XWEF K1I91G0BBG4TGVKJK4MM27K3E7T X7YOF96MXT1C2W71 G5YNIAO05PFA22KHY7H12TWJJG4YNXQSQSLRSJUPGQ7XNBRPD9EMX8WS3U15MSQRCWH2MT5921AVI327YWHCMFW WJGN1DB7OKOOUN87QRLKI5M  HRB5JRU GVCCJETVI8NPS5GWO5FQD0DJ1BGUVUH85P3');

insert into DOMO_MESA (MSA_ID, RTR_ID, MSA_NUMERO, MSA_CAPACIDAD, MSA_DESCRIPCION) values (0, 3, 9, 2, 'B8BOX3AWL3KBV7VPNQD9HCAOBT2FDXIN0J ALDX8BKOJPDTMWHESEPUSG1WNTNTMRRWKB1DGUE488 18HYCKP66FF99FSW6K5AYUGFS5JX7 3DMJMNWONFG9NFOJAV6X3PQT3JGWWONPNLNHU6CH4SYRUL655HG3QS9M22K6V8SR4DAU FIUX9YC2 BSX7PAKD3S1BGCLHFXH2QD3CP0LHRCJ 7FY9KQAKBAF9GOGBWCFN6OM1TMFQPYW4GGEIT');

insert into DOMO_RESERVA (RSV_ID, MSA_ID, TPG_ID, RSV_HORA, RSV_FECHA, RSV_ESTADO, RSV_FECHADEREGISTRO) values (8, 2, 0, '0:14:37', '1022-8-2', 'H1EA8FRPGQ BT6B 29QBYMAHVIUBTY', '717-12-13');

insert into DOMO_RESERVA (RSV_ID, MSA_ID, TPG_ID, RSV_HORA, RSV_FECHA, RSV_ESTADO, RSV_FECHADEREGISTRO) values (6, 5, 1, '0:35:37', '1530-1-7', '1QCD2VW0Y9QY5DH1JDKBM8JGPHNWFK', '1692-12-5');

insert into DOMO_RESERVA (RSV_ID, MSA_ID, TPG_ID, RSV_HORA, RSV_FECHA, RSV_ESTADO, RSV_FECHADEREGISTRO) values (9, 6, 7, '0:9:43', '279-5-21', 'OXX22J G3CWG871VW6Y 46WCAQUSN0', '242-6-3');

insert into DOMO_RESERVA (RSV_ID, MSA_ID, TPG_ID, RSV_HORA, RSV_FECHA, RSV_ESTADO, RSV_FECHADEREGISTRO) values (5, 2, 4, '0:6:19', '1191-5-31', 'EBJYENA480Y6JE9VDXDSB9OH727QID', '962-7-9');

insert into DOMO_RESERVA (RSV_ID, MSA_ID, TPG_ID, RSV_HORA, RSV_FECHA, RSV_ESTADO, RSV_FECHADEREGISTRO) values (1, 7, 3, '0:22:18', '618-12-15', 'AHA9T7Q6CWV4WITR15WIYO6L0BTRWK', '568-3-13');

insert into DOMO_RESERVA (RSV_ID, MSA_ID, TPG_ID, RSV_HORA, RSV_FECHA, RSV_ESTADO, RSV_FECHADEREGISTRO) values (3, 6, 4, '0:3:29', '479-11-17', 'DV46T9TMLR4OV1WEN0OC6J7FP9DYLG', '343-4-27');

insert into DOMO_RESERVA (RSV_ID, MSA_ID, TPG_ID, RSV_HORA, RSV_FECHA, RSV_ESTADO, RSV_FECHADEREGISTRO) values (7, 5, 0, '0:29:25', '1764-7-15', '33EXX38W4OXWG947RH9NWK2MJ7P2L2', '1-1-1');

insert into DOMO_RESERVA (RSV_ID, MSA_ID, TPG_ID, RSV_HORA, RSV_FECHA, RSV_ESTADO, RSV_FECHADEREGISTRO) values (4, 9, 8, '0:26:51', '781-10-16', 'L8W7AVXT2UV8FP7AUBWUPUFUPKTISH', '1588-6-3');

insert into DOMO_RESERVA (RSV_ID, MSA_ID, TPG_ID, RSV_HORA, RSV_FECHA, RSV_ESTADO, RSV_FECHADEREGISTRO) values (2, 2, 8, '0:19:40', '1-1-1', 'ID5915EPET3YQHK 8EK28 QF24KBHC', '1239-6-27');

insert into DOMO_RESERVA (RSV_ID, MSA_ID, TPG_ID, RSV_HORA, RSV_FECHA, RSV_ESTADO, RSV_FECHADEREGISTRO) values (0, 9, 1, '0:0:0', '1432-4-30', 'AN3BWXNM 2KIEAW5O5I11F8S0VL8CY', '1425-10-4');

insert into DOMO_ENCARGADORTR (USR_ID, RTR_ID, ENC_ID, ENC_NOMBRE, ENC_APELLIDO) values (5, 5, 8, 'ALH1SIWWE9AMJBS9TXK3Q142L F4JVLRVJJT8OFE', 'DVXP7C3MV RF6VS 915RFOHB5X6PG2QJGTEX6BQ4');

insert into DOMO_ENCARGADORTR (USR_ID, RTR_ID, ENC_ID, ENC_NOMBRE, ENC_APELLIDO) values (1, 5, 4, 'KVPVBR0HTEUXQAVEUGS 7CKDVLD4MCX73JJ4PL5I', '41Q56S44XBJT6H7SNNSSP94X40D7OWAQIGHE8DSE');

insert into DOMO_ENCARGADORTR (USR_ID, RTR_ID, ENC_ID, ENC_NOMBRE, ENC_APELLIDO) values (4, 5, 6, 'UPSCOW9MVEHP27J8POFSPR5C8RL1VO 984T5CLBY', 'OW75W538UP9OCUQF2KN7VO5I1DO8KDPD4B1EWXUW');

insert into DOMO_ENCARGADORTR (USR_ID, RTR_ID, ENC_ID, ENC_NOMBRE, ENC_APELLIDO) values (4, 7, 7, 'B4TFUF YMD8LG6E60OR98 S53KG1VAMYLK87M21M', '54UV5P8ARA5I9G8XKL5KKRA LNV2T4MHQHUQ7TU6');

insert into DOMO_ENCARGADORTR (USR_ID, RTR_ID, ENC_ID, ENC_NOMBRE, ENC_APELLIDO) values (4, 8, 0, 'XPBG6Y7DCN5V 9S9ME4JUEXS5TCKXRXUVT6Y6FJ1', 'LWB533GJ90YAGOEYCLAMO18NXC40RB8SG67365OM');

insert into DOMO_ENCARGADORTR (USR_ID, RTR_ID, ENC_ID, ENC_NOMBRE, ENC_APELLIDO) values (7, 1, 9, '95FVQ8 S3J7H9B1VJT7IMGASBDX6JXINUE72I 3R', 'M84JK05VMFUFF1QHBP RUKOAPQIUI5Y3FF8DTHXH');

insert into DOMO_ENCARGADORTR (USR_ID, RTR_ID, ENC_ID, ENC_NOMBRE, ENC_APELLIDO) values (6, 3, 3, 'QONCN RNC0EWT461CDUQVYW4HGNEW6EKK4RNSG3B', 'D QX3PA9IMA6TC2FQTVT70OXVCA0RO5SWRMEWIL7');

insert into DOMO_ENCARGADORTR (USR_ID, RTR_ID, ENC_ID, ENC_NOMBRE, ENC_APELLIDO) values (1, 5, 2, 'C9J2QIKSTF42 50SE UOMNP2AURSM ME33ABSH1J', '4LKYUCKYN9WAOVSLWECK7ES85Y64C6T GWCQFFVY');

insert into DOMO_ENCARGADORTR (USR_ID, RTR_ID, ENC_ID, ENC_NOMBRE, ENC_APELLIDO) values (5, 8, 1, 'EX3J2BNGJC0LUCCHHJ 3HYEV PCRP4Q8HT3FIE7A', 'ELBHJ RW8MF39J9LYF37AIPLMF7 9K9XM0UGRQK4');

insert into DOMO_ENCARGADORTR (USR_ID, RTR_ID, ENC_ID, ENC_NOMBRE, ENC_APELLIDO) values (0, 6, 5, 'MLBTXE7GGGRTXW443XEJJM97APGX3KKT7D1UI3M2', 'EROLC6N3XO2RSIJIJQT3EXGTTC69JQSWO77V3JGE');

insert into DOMO_VALORACION (VAL_ID, RSV_ID, VAL_TITULO, VAL_DESCRIPCION, VAL_ESTRELLA) values (4, 7, 'XJ4 3EXF 44K16 OUEN9R X6IK5Y A', 'QAY63EMB5B8A 8JRDR0A6KS9FJF4OJJ9TENX3J50DYWRB99QMAUI5R9MUYXO7VTAK10PRDD05E330Q F8UWP1H31RU1AF6M5LOY5G4 NUL1PUKE5QA3GDJ7   LXTFETAFCTS55KP920WPPIC CAWT2D5VDF3Q3LS243PXLWOMHBKDLL43LKOFMFKO7J8A7A119EE4L3KQMTGWDVXDTM2MEXG6XWJJR2QERYALW3U6WNHQT8D71NNTHXPTH4K2C', 1);

insert into DOMO_VALORACION (VAL_ID, RSV_ID, VAL_TITULO, VAL_DESCRIPCION, VAL_ESTRELLA) values (5, 6, 'IVCII5CUCDH1DGQTIQ6Y9SREJ47G27', 'IFVNW7AT6W8NSVJ7XTNASBIFY1PSL4K LDX D5D82TTE544GPHGN0AGBYXLSREXCRNJUBG4HWHKLMXGXM908A0JU6PYHVQ6KR3GDLPYI6JPPVFLI7YC6G7Q5FDSV5VHBTC2P0SIQVH5BLVVOC15N9WAYTSW0MQ8UKSC2AUJ4AIF AWNEDURVCEHHWLM0CLWU N L D 56MSAGFK60G608BUIL60 8 6MJVBMM2VWPM4VFKB2DO4EFH B9PT11PU', 6);

insert into DOMO_VALORACION (VAL_ID, RSV_ID, VAL_TITULO, VAL_DESCRIPCION, VAL_ESTRELLA) values (3, 7, '6 RE8L8TFBS58RP9WNY J0WA5O9G59', 'Y18CDNYFXF4WEGTTN07UA92RRP6CDJVV7Q8P6BA3BAFCJRW4 UHC01H462AL7BTE898PDXNDOPOB2DUER9N9YXG6GWLARY8PGOAABKXY6ET9OAX13 QWH0 717FRCU18SFA4GA7PILID7EPJP5I5 ABMWDTX7CHLODXE61WMWVAGFJ2MTEJN O01G7PGPP0I5TL4YNQW48C 8D527N3NWXW6SVOO72FXPEJTBXNUE2S2GIEV4AC29S4 F 7I3JT', 9);

insert into DOMO_VALORACION (VAL_ID, RSV_ID, VAL_TITULO, VAL_DESCRIPCION, VAL_ESTRELLA) values (1, 6, 'JG3WWC2GY6N7VGXRAV9UC MOESPDEQ', 'VE8QRRHYXK6EG2GG6F36GMV1GFLHJT1IKUR0UVX4T0SSNYOCBHA81JPDVF2I3TH4F4XXM7P19JJCP4GCP4F0QNQ2JKA31LMJXW0SAF7R7MF9DK2YYSJP1K9C0HFRYN5 TDPSP5ROT6XG2BM1VF2D5 JRYG4U4JOXX95RF3HG9NTNUG6OCIRSXKP385HHDVO38RVGLYK112EEE2OBH2VJW2UFTUVK99LIWORB2HYOOYAX4A0KHL2068W5VD8S0BP', 7);

insert into DOMO_VALORACION (VAL_ID, RSV_ID, VAL_TITULO, VAL_DESCRIPCION, VAL_ESTRELLA) values (7, 7, '4N5AT QLG3RXOML2NG61KHQ4 LQ AI', 'IAB5LBGLTXDLD2AWER8BBMWRVP1RLHQ9OSHTCIOABNXPKV911VI4EPU6KSP5968CW3MWDF0R7XQK5XE11IMAYJYTFQRGS9J0A JW9JBNUWGEI6 B5J72GW3AXA470KE7CDRUE HIUYAXWCBBH F57973VE98HKOSQC51YIGS5MX88OOBD02L9Q8LA66ULF6GG6A9VI7TYINTC6FJGXDVE154JVCRHXQWUA5QU5QUQH7JPG 1PA4UAL W7TU33HA', 2);

insert into DOMO_VALORACION (VAL_ID, RSV_ID, VAL_TITULO, VAL_DESCRIPCION, VAL_ESTRELLA) values (6, 3, 'NNBVT2H5TXDWR 4X13HVO27O0X5KOU', 'OE7A E3127JYROSPW9OMTAHR07N8B59QA0OT1TS8IGRQ5D420MWRHKFKIP1MD5021SLC969D7RHVVO2I7KXWX4SIB6VOLB4893Y0HA8L0S4BG7TL75VYNNMP9D6KOSO95O IWT20QCAHSHBSNN ELPNC2A3 SCG8RH 145RV0MRE9O4Q4RP51J5NF915GMS74RHC5H1CI3FHKUGY1ALSPA7TVUFVN1RB415QGS7PPGETWQ65SFEARSF3VWYFPR1', 0);

insert into DOMO_VALORACION (VAL_ID, RSV_ID, VAL_TITULO, VAL_DESCRIPCION, VAL_ESTRELLA) values (2, 3, 'B5YNSW0MQOEQT5DD5 28LWFC1XUPLC', 'OL4S UT871PVYTYSXLO1AQO5TSMEMER0H94DEJ3T6S6809UJ0OPJUIECBVERUWROYPE0X7 8X7D1KMJ843K3LI4NWCX4 RBPBIL0WVIFWF7 TO E TJ2PFVC099SG QGT2OSA1M1FHSXFLT4FQ70WHFD0NM67X3UTRUYIJXCYCIUN KA8OGJD7ACECKVQF8KLTMALNV9 T2Y7TIC9CDJWKUIM8YM2NVWKEQN31PC OHJDIMDFBE RY5S8YWCQ7E', 8);

insert into DOMO_VALORACION (VAL_ID, RSV_ID, VAL_TITULO, VAL_DESCRIPCION, VAL_ESTRELLA) values (9, 1, 'BGPU1PQJG0PCK4T1A8FYAU3A9KJ7PB', 'S2KB4 TFVIM 20WS7L49 S55QQ6R2U51UKBNXXFSQ3638E5L9Q6XWCCHKPE91YTRCIGDG SEHBUNRGWEMSTN4A4M7S1CL84E7EUF8U7KBU0RNL7E1SA A2JS5LG89D7GYQ4YXOEG3AXR QHKWSPR6LY1LTWHQKSBW2WFF7FXDDUE0CJKBT53OC74F4HWVJV2W0OMONVQARUJ5FOYY JCXCIO39BJMKWLH5UKWTNAP9WG0II08FR845H0T AS6GQ', 5);

insert into DOMO_VALORACION (VAL_ID, RSV_ID, VAL_TITULO, VAL_DESCRIPCION, VAL_ESTRELLA) values (0, 8, 'UKY4UFGJ9K7E583SFNH 5G4X6REENT', '889THAICUDV WMSF1U823EF4V 4VID1L43Q GUGQB48BARUIAKJOYUW8CD0JC0EF 4I UJJ7H6HKBTPAS46NNW8UC2VE1E7O6FGGV5M84KW44KE3 M5AMKP97INXK EY52OA6VFYY42GE6NTA2O R7FG72LPDNKHB LG0AG7VOTAF6133CDDML82N 5HGO793 X63EXGNXCFWJW6Y8167YTFYE56CPHU2WNQQMXT8H V5OC CHSA1WLFHELU3TH', 4);

insert into DOMO_VALORACION (VAL_ID, RSV_ID, VAL_TITULO, VAL_DESCRIPCION, VAL_ESTRELLA) values (8, 5, 'SCHR79SAGHMLI4AYO5O0623IQ61X8T', 'GPC MQQ82IUIQ D82SP1S7FSPOYVO9JW KWHGFYGNFGWCQSAOXEFVCYDJ WL40RD1A1 1PX1NXNE5BJXNA0 WKB4UV2ON R6SF5LC O2T2MJR5NEKKWWFKQN6X3AYC8I3PJNF6MKKUK6Y5HQLF9P3JV8SNMXXTB9IQDULSM7XBHEMTWQLJA7S7P0JM4AIMJ36BR48SVJNMDMV53Y2O0IGURV0H0GXKTHX4QPXP3T4V1IYPPS7KEYA9UJEULQGXH', 3);

insert into DOMO_CLIENTE (CLI_ID, RSV_ID, USR_ID, DIR_ID, CLI_NOMBRE, CLI_APELLIDO, CLI_TIPO) values (8, 3, 5, 5, 'POXC23AB3MB8P6NIFYU46WOW0SGT4YMABP37S9UG', 'GSDMTR6COEUYOH6575VC4SM 2GDGJQQCPWMKTRLH', '7');

insert into DOMO_CLIENTE (CLI_ID, RSV_ID, USR_ID, DIR_ID, CLI_NOMBRE, CLI_APELLIDO, CLI_TIPO) values (5, 6, 1, 6, 'QSVVRPE3A86I IUMNK50JC4F4GYYV0JTT9JY2J N', '528KYDCHJIQDDUM1OYO1JB40NCONTK5FNDLI6ID3', '8');

insert into DOMO_CLIENTE (CLI_ID, RSV_ID, USR_ID, DIR_ID, CLI_NOMBRE, CLI_APELLIDO, CLI_TIPO) values (7, 9, 6, 6, '  6J5D3EG6ILIOS3469KOLPPQ2I5X1R7ICRQ824A', 'YQ AC1W3V0BLSY3L04S8Y TGKD 2SVNDO8KL1VCR', ' ');

insert into DOMO_CLIENTE (CLI_ID, RSV_ID, USR_ID, DIR_ID, CLI_NOMBRE, CLI_APELLIDO, CLI_TIPO) values (4, 2, 6, 5, 'B4EB5XXOFW271RE0Y59A7UYJ0D1TEFF46QW03HL9', '2OFYXUC8M4LT 4CIB3MOQV681CQUV5LBOUF47LCP', '0');

insert into DOMO_CLIENTE (CLI_ID, RSV_ID, USR_ID, DIR_ID, CLI_NOMBRE, CLI_APELLIDO, CLI_TIPO) values (3, 6, 5, 9, '2LO5BMKDXBK9A1HYJXJN8VB93BHRG6NI76OTGQU0', '94Y32KC7DE3WHAWEDC SU73N6F AD5DJTUYW A3S', '1');

insert into DOMO_CLIENTE (CLI_ID, RSV_ID, USR_ID, DIR_ID, CLI_NOMBRE, CLI_APELLIDO, CLI_TIPO) values (9, 2, 3, 0, '7BH8264K9W AX1SS12RPY6OT E VU PU9RCG 5D1', '647I2BF31E1DHN2E364RP GS4W271OQ58 3E1K6A', '2');

insert into DOMO_CLIENTE (CLI_ID, RSV_ID, USR_ID, DIR_ID, CLI_NOMBRE, CLI_APELLIDO, CLI_TIPO) values (6, 5, 5, 6, 'C DV74QH22R8R458L Q0HQBEP8PC29JQ W1RAORO', 'EJ1MULIRXQ200VEA4SY62I5W5K6MG2FMXQ9TIJ8N', '3');

insert into DOMO_CLIENTE (CLI_ID, RSV_ID, USR_ID, DIR_ID, CLI_NOMBRE, CLI_APELLIDO, CLI_TIPO) values (0, 7, 3, 9, '9BOTN17D9ID7WQRX46IHR9OME4JFXL9GQP34VBUM', '8ODPM0UFQYM2DY 9GF2EX74B2VE9MDSLMHTLG16C', '4');

insert into DOMO_CLIENTE (CLI_ID, RSV_ID, USR_ID, DIR_ID, CLI_NOMBRE, CLI_APELLIDO, CLI_TIPO) values (1, 5, 7, 2, 'TJ0E4R6N4E5RIL2Y2V18966VNQ3MM2065YYP0JMD', 'YPCEVOR3RYS2NT1BBQAITDIUOJKNW JRRANP LNX', '5');

insert into DOMO_CLIENTE (CLI_ID, RSV_ID, USR_ID, DIR_ID, CLI_NOMBRE, CLI_APELLIDO, CLI_TIPO) values (2, 9, 7, 2, 'LE3JD2XBA7YL KBRIOXM255GD JXPHNQLAVGRXSY', '6INH24TB5XXM68ODV6RKGAEHO2S 9TTXPEJ4KH01', '6');

