insert into DOMO_REGION (REG_ID, REG_NOMBRE) values (5, 'X0QXJT9XC5UXJLRQKO0WBPLIJE3XP8');

insert into DOMO_REGION (REG_ID, REG_NOMBRE) values (1, 'D84TXBKH0EX0P4 0UVJPTHOPCXHI99');

insert into DOMO_REGION (REG_ID, REG_NOMBRE) values (0, 'J3ACQ1SP7LRS0MMCR3L1IKRUWJNNE1');

insert into DOMO_REGION (REG_ID, REG_NOMBRE) values (2, ' 8FMJJUQI YR0SPW2EOY HVAX12 AR');

insert into DOMO_REGION (REG_ID, REG_NOMBRE) values (3, 'S6QRK2YLN3LACX6EED113X9OWOUDQL');

insert into DOMO_REGION (REG_ID, REG_NOMBRE) values (4, '2XPJEFT4H6WAQ4VE8DU6429CG1BOIR');

insert into DOMO_CIUDAD (CIU_ID, REG_ID, CIU_NOMBRE) values (2, 0, 'O AEJGB6K9PDUKAM2TEAW45HMA WDXODNQRHPVAK');

insert into DOMO_CIUDAD (CIU_ID, REG_ID, CIU_NOMBRE) values (5, 0, 'NWACE9D6MGDG062ICEWEFWYA5Q387O5CEYIL78 7');

insert into DOMO_CIUDAD (CIU_ID, REG_ID, CIU_NOMBRE) values (4, 3, 'I1OY1VMTO8AY0AXF750QRS7RC  PMFH 2R02BHC1');

insert into DOMO_CIUDAD (CIU_ID, REG_ID, CIU_NOMBRE) values (0, 5, '0S5SMUK1G72ICR9UQL5LACKLBWXDEQ6LD9DGXUB2');

insert into DOMO_CIUDAD (CIU_ID, REG_ID, CIU_NOMBRE) values (1, 1, 'A4U80LECGDCFW2CWWNUQV HMHQSRQ3 9N8PYYU8V');

insert into DOMO_CIUDAD (CIU_ID, REG_ID, CIU_NOMBRE) values (3, 1, ' 1UNC4EK5C5AK005OF4S1XU57SYXLNPRJ9U PMN ');

insert into DOMO_DIRECCION (DIR_ID, CIU_ID, DIR_NOMBRECALLE, DIR_NUMEROCALLE) values (4, 4, 'GD7VY1NEUD2AXSRC14SQK78WG Q9HF31JQXHPXF3QW9YCCV8X6', 4);

insert into DOMO_DIRECCION (DIR_ID, CIU_ID, DIR_NOMBRECALLE, DIR_NUMEROCALLE) values (5, 0, 'EW2HS6PX1L1D0U3T5HDF87XJKVMTXE VC2C05PIGNKS7LSN5GD', 2);

insert into DOMO_DIRECCION (DIR_ID, CIU_ID, DIR_NOMBRECALLE, DIR_NUMEROCALLE) values (1, 1, 'V2M8A7KB QOSHNJQ8GG6VV31H1NP845M0QD6YJMPLS0Y5SMDHT', 1);

insert into DOMO_DIRECCION (DIR_ID, CIU_ID, DIR_NOMBRECALLE, DIR_NUMEROCALLE) values (2, 1, '1W75FVQB7T6T3RHICLLYNEJ4 X07SJRBDQB6G 1QD A5WAXTMK', 0);

insert into DOMO_DIRECCION (DIR_ID, CIU_ID, DIR_NOMBRECALLE, DIR_NUMEROCALLE) values (3, 5, '5O8UR2TBLRXSNI3YEJMBT9FJRQQTTAFP3POH57X7S NPM70H3M', 3);

insert into DOMO_DIRECCION (DIR_ID, CIU_ID, DIR_NOMBRECALLE, DIR_NUMEROCALLE) values (0, 4, '0TF6VE63JYNX459TWTGHTAV73W2I2PFLEJ21BXJFTBPY8LTKGD', 5);


insert into DOMO_TIPOUSUARIO (TIP_ID, TIP_NOMBRE, TIP_DESCRIPCION) values (1, 'Cliente', 'CBK20V4HJ09FWAS2V6N23KS2');

insert into DOMO_TIPOUSUARIO (TIP_ID, TIP_NOMBRE, TIP_DESCRIPCION) values (2, ' Restaurante', '65J555TTBUIIONHFN8VXAXPW');

insert into DOMO_TIPOUSUARIO (TIP_ID, TIP_NOMBRE, TIP_DESCRIPCION) values (3, 'Administrador', '3ERHIQH6OC1J7ESNO8U4SC60');


insert into DOMO_TIPORESTAURANTE (TPR_ID, TPR_NOMBRE, TPR_DESCRIPCION) values (4, 'TJDKG59OLSLJPNLEPL88E4WTFGN184AUFFKRI1T7', '04 AGJN91UXLCPDNSB1LBGS8EKN0A6HWWAWE87VATI86YEF265BH3CW0FXV929WJH3PFDGG04PVASFLP7JVRUHD48K69DAPBY7M14OGH423AQ9OG9CBYERYNSVRR4QSQ2QMIV59UKOYDRCQFDW 6KWLVMKJ9CYBI05GUW2HFP097UY1V2U289LK6PW8R 7SFLDNONK2RBWN9 AA6CCFKBDH4MED23MYG5QK9HO8FQPJL9ICXTWVAQP6FG37JQBV');

insert into DOMO_TIPORESTAURANTE (TPR_ID, TPR_NOMBRE, TPR_DESCRIPCION) values (2, 'VJ3S8TPLF5C1Q2FPLLPAX78OVVNI9P7EHGEF8HA4', 'K5C SH NQDVJB2OFHLER1B5I3UR66OXU5TPPQUX 21KJWIY8JC192E7L26VRK31XRC7OXDQD6KCMNBGK7BANYT9EBYV2T2FLLMLWQ4MHBGUX8TF052 PTIUO1V0JPA5WOOSS VE1KIW9P3R4S95N7555BTP7IAWXY WEX7MR2UJUH2 IL X9180I61ILXC3SB5595IFFPSWIFFAVVJNUM WLI26SYKPPH5WGQWMSE09JUNLTTIR8QF 56NKC2RH');

insert into DOMO_TIPORESTAURANTE (TPR_ID, TPR_NOMBRE, TPR_DESCRIPCION) values (5, 'PAUYLFJ7UUH513DRTAOWPD2NEYP17G8L3LEE7UO9', 'T58QK2APPVG4TCXC3KRXSGE13VWQE6MQDWWCQ1FS1VA3R1DRF4HWEFIJ885WMIIFM8YMMWSOOX1Y9DPNLH2NJI3MHS1D7SNAUIGJFALTIKGMSAKGEG9855D0T0GOU20KD1RAVA AH5M6B1BEOR1XP28659MITVD9K0J78DPUM1UWCB47A4P49GE6JR NW49 RKORAEEWXEQ5 9VC42TECWFRYOC3D201DOEMDOHKFC8JQCBY318H2EJCH4O05GQ');

insert into DOMO_TIPORESTAURANTE (TPR_ID, TPR_NOMBRE, TPR_DESCRIPCION) values (0, '4XKDX 5WMLJAEVYIUXKT4UDIKJWFJWN5NM A984P', 'BWB7LBW4I7XGPRIYR7G190BUY70DMJF9FRATLJ585C2XLP317ELOPDG6A9A FHHCNHBBRWXLH1LC6PTNCQMT3T15RSPF1FLDUM10CW6Q9E9RNISLX8MEPJP6C YT5B1LLP1JSH6WSNPGCBLIC NQ2AFGR2ONROL04CQQO5N831H1SW5TM3JBTDN B9BMVIFFA6HTQ RKTT2CLKTOHR6XTJ7G VDQRE3FMVL8UJ1JA9TJL5E2938Q 6CGG62ATGJ');

insert into DOMO_TIPORESTAURANTE (TPR_ID, TPR_NOMBRE, TPR_DESCRIPCION) values (3, 'QGABLICSSXGHVRII9A75HUN P VJ7PKX5LGEJ 67', 'BB46O1WDKIP01R0 Q0CB2H4OA JPVJ94A7MD7LQ6W2JTL5086DQ0KLSA1LCEBN0O8S544S56H93B54M2QOJQ6Q3NLUY6Q DCU8ICY7WI32TI 1QWGW2U5IJKL0U KLLPMCHSMH7SA16BOJWI9ONJYO2DI1HOILESTLX87GSYFHMJ1C43SCM0E58PKJB0JC3 G2Q864 EK9PV7CWAGTFCI 2MQPXNVBG4ELTA7MKWMYXWKMD2HOGHNE7OSFV644U');

insert into DOMO_TIPORESTAURANTE (TPR_ID, TPR_NOMBRE, TPR_DESCRIPCION) values (1, '6WGNDMJQD36DINNEL7TNL1R0VE1STR7LUO8L6 1P', 'D7L3VA8XNATW7TC4VV96AFRPQCBP21L6DA5KBOGY90P67VYAJEF3KRN93QJ2OQMS5T08SYU0P05G70XK9LRP UP1F2YMBMDO6QL4IW74FCDEHRX4PUJL64SQX9417C2A8RYBGNGO8R7O6WUQW8LALDWM1061EV4NMFSWMLORCV50BINMANIHNM7GQR DXD58X0I0VE3VE2D7W HMRUGQP51KBT0TPFT5AK3SY043EFO1RYO2J7BSXKTRK6F6JR2');

insert into DOMO_TIPODEPAGO (TPG_ID, TPG_ETIQUETA, TPG_DESCRIPION) values (5, 'MMXX4KBL1TYDATG2Q9GV8X103M6RJO', 'YSO P9GTMT4SS 8DVFKJKIWK ESG3W27GE4JG2TGRWPUKVLSN2');

insert into DOMO_TIPODEPAGO (TPG_ID, TPG_ETIQUETA, TPG_DESCRIPION) values (3, '8TM2 Q287E9Y26MGHVOB6KNBGLTWY3', '7W8TG6BW00 FJ4B2J16GKIQ4VLT58BH9A2QVX2AYEJW5K1B1TS');

insert into DOMO_TIPODEPAGO (TPG_ID, TPG_ETIQUETA, TPG_DESCRIPION) values (4, 'WY9GGOLJ5588G29NQN1JL5 7RJCF4B', 'EV76EYFCYM0FV6AU40YX5M5I4CAPUAMGA8GVG02G5CMTUASS2G');

insert into DOMO_TIPODEPAGO (TPG_ID, TPG_ETIQUETA, TPG_DESCRIPION) values (1, '4LUU7LXUK5O5Y95KJY G EPSYJ94Q8', '2H6BA KES K1RXB99X9HIYOQ8FP0S7WGPNUXAVVO5YBXEXNRIX');

insert into DOMO_TIPODEPAGO (TPG_ID, TPG_ETIQUETA, TPG_DESCRIPION) values (2, '9BIQ4SQHQHBS6QY2RF7GN2 SEIM7J3', 'C1YLI7SJUCN4LD8LOY0UAMB2684Y3K1OCY W776RVP6HTHWVIC');

insert into DOMO_TIPODEPAGO (TPG_ID, TPG_ETIQUETA, TPG_DESCRIPION) values (0, 'N7PN3RE1HHU4KIXKOJV706TPJA41WL', 'PARQ4 9NY83IKD4YI8289UI6LWU5T96O3GWHBQWGAUSHMEOBYP');


insert into DOMO_USUARIO (USR_ID, TIP_ID, USR_LOGIN, USR_CONTRASENA, USR_ESTADO) values (0, 3, 'stefy10@hotmail.cl', '$2b$12$sR9ucIaQg6aAfREgpdgniOfmtp64mr2Ql1RAkMtj4SfQbJJ.m838S', 'ACTIVA');    --HASH: 123456

insert into DOMO_USUARIO (USR_ID, TIP_ID, USR_LOGIN, USR_CONTRASENA, USR_ESTADO) values (5, 2, 'pruebanachooo@ubiobio.cl', '$2a$12$OKpdoPR2bbFhxC6L6b8rPeaR4mVfIWxxwmqElL8vXAqL0lAi/adWG', 'ACTIVA'); --HASH: prueba

insert into DOMO_USUARIO (USR_ID, TIP_ID, USR_LOGIN, USR_CONTRASENA, USR_ESTADO) values (3, 1, 'nacho@ubiobio.cl', '$2a$12$Z3uEWx4fLTipRDync7mEn.qi9xp1zjrIXDpUgcsNmBHha5jhsq3DG', 'ACTIVA');   --HASH: prueba1

insert into DOMO_USUARIO (USR_ID, TIP_ID, USR_LOGIN, USR_CONTRASENA, USR_ESTADO) values (4, 2, 'usuario1@domo.cl', '$2a$12$MMkwm9LYyqU8SkULxZH06OehKWADxr/TYtR7vi3lSpBdv7ec5cEVy', 'ACTIVA');   --HASH: contraseña

insert into DOMO_USUARIO (USR_ID, TIP_ID, USR_LOGIN, USR_CONTRASENA, USR_ESTADO) values (1, 1, 'usuario2@domo.cl', '$2a$12$MMkwm9LYyqU8SkULxZH06OehKWADxr/TYtR7vi3lSpBdv7ec5cEVy', 'ACTIVA');   --HASH: contraseña

insert into DOMO_USUARIO (USR_ID, TIP_ID, USR_LOGIN, USR_CONTRASENA, USR_ESTADO) values (2, 1, 'usuario3@domo.cl', '$2a$12$MMkwm9LYyqU8SkULxZH06OehKWADxr/TYtR7vi3lSpBdv7ec5cEVy', 'ACTIVA');   --HASH: contraseña


insert into DOMO_RESTAURANTE (RTR_ID, DIR_ID, TPR_ID, RTR_NOMBRE, RTR_DESCRIPCION, RTR_OPVEGA, RTR_OPVEGE, RTR_DUENONOMBRE, RTR_DUENOAPELLIDO) values (3, 3, 5, '1MKV5XYCBTA475GJR3CR 6K6M U8CAKMAWD7QKRRNLSCV61FUK', 'D57181GMJO TT84BWX13AM9K0RO195ROOQX5F4I8TVM35FX4SF4LQSVCGPPG7ACAU4AVWYMWHF9KEGA07SF9FUOVSE0B OWQ2U2BLYTNPUEXNF6ALWGPRUSW BHBMI2I07LMDRD03I7YUPQRSGEL44JSBQK90BJOQ9WX0BN2RLJGUXAQ3W6KN8FCKNE  W7UPUOG6V7F30S8E1925H8DI21YVXT9AA44TN9EFYS6XG5699C519SPQR7HR390IVH', true, true, 'WV016F9RGMF78RR 8K1D6Y0B8M49CGYUP594MROM', 'F D5EB04UX3WK Q6UD3IM D7LU0Y735IWIB1YU9A');

insert into DOMO_RESTAURANTE (RTR_ID, DIR_ID, TPR_ID, RTR_NOMBRE, RTR_DESCRIPCION, RTR_OPVEGA, RTR_OPVEGE, RTR_DUENONOMBRE, RTR_DUENOAPELLIDO) values (2, 1, 4, 'H9M6XYPYCLY3KSU6F79XY9AX4J81 GW703R97C6HDYV84QY08I', '7A1N1AC71KEE5Y18X80ME9STE8LV489L8V8IN44H6M5 3 7XUMCA7WU0NMJDJVD1 L76J8MTC7Q WRRGWILUYGX0QOW87SEFN QJ2TJISQ 6ML24KLY5JJB8NMDJ59TM1YCBM R3A5IY8NQ9YYCMUQL8 0I EFELGTDPMRH56PQDT4NHK5GDTIKRTTJ1 D5FR8WOG26JA3S7D 0HL2T6D8EORHJO02FHCEUUNPN61ENT35A5M0PFI7G0 REOMDT', true, true, '5TVNLWP7LYW4A8NDTKQMJCSRX85AY WTN2DUN33T', '846EUC87HWGY6A G9IPEA3GSTAKMO2YFLLVMYU1O');

insert into DOMO_RESTAURANTE (RTR_ID, DIR_ID, TPR_ID, RTR_NOMBRE, RTR_DESCRIPCION, RTR_OPVEGA, RTR_OPVEGE, RTR_DUENONOMBRE, RTR_DUENOAPELLIDO) values (5, 2, 5, 'VOWSJA4BQV65HKF25D0O3I9KHMRYH093 WH596MMUBYVSA2ASU', '62SUFPGX6B5272I7GUR58AKHY4WOCX464ECDC5XCUK9J3GRRN F BQHDUFHUQ5 P2BFN4JPIJS0DUHKA08KV2WVF7NJ2JIKUXBSO1H6AWI6NGEHE2E36JYP5O1IB27DBSEJ8WMRUMPT9LF WHRE3E0SE2E7CAKU3U59XALOOM0JSJVE 058L19T7D2UPWV9IJOX4D35IYH9PB221OWRFGXE QY4O6HU3DMWW V7CTRA7JD3TJYK3C74DDE2D3RS', true, true, 'B72VQFKCR JKFK4T6M 7QXLVIESHIVQH2G3PVRNE', 'H4F5FUY1KKBT2T UN8S2DR3X6T0FOKCA4F8V9605');

insert into DOMO_RESTAURANTE (RTR_ID, DIR_ID, TPR_ID, RTR_NOMBRE, RTR_DESCRIPCION, RTR_OPVEGA, RTR_OPVEGE, RTR_DUENONOMBRE, RTR_DUENOAPELLIDO) values (1, 4, 3, ' LKWAMIBB4GFWB8B2X7PRKNY28 98RP9RFSU732VXG1EVLX35D', 'Q23 8NOVGK2GAH5MBXPMX DEARD5O932KFSBRH90GP0UO3ULR84B ESJ0IB79XYOYIYI1BHF6XW2  XYQ3OG67PU D8IJ1SFNHCK9M6US3F2HETH16E75QKF08NRR633LN8VII7TO4X9C93WUGT7BWPE56M0WLED1HE8LSIXL77EF59UJ 0GWALOQEQSR69RKN8W3U0KGMMPE9WSRWMDW8N6EB3YXG9TXWLHGTP2LT1RQHM7INSS2LDO2FDTOO1', true, true, 'LQGBT 99HAHED7SR6JWGLSHUFL462AB30 TDX01B', '4JL8VL6SI6MS071UWBBYV1SGC7W7QC7S3W8W67TF');

insert into DOMO_RESTAURANTE (RTR_ID, DIR_ID, TPR_ID, RTR_NOMBRE, RTR_DESCRIPCION, RTR_OPVEGA, RTR_OPVEGE, RTR_DUENONOMBRE, RTR_DUENOAPELLIDO) values (0, 5, 2, 'UGY8RF 5 EM9CQLC604LO148H2Q9E1QQU3Q4UV5TK4SNR9TKCV', 'VA7V SFKNIGWJNC2E0Q4X  BTWFR37P970O1U23NG185I72WNSUWE0M09C6XVE1K2QJJW0U0KB48G5IT2NSUB7E0G7O4PYVQIF9EF5GRWP76L44KQNL62JV TH25IC0GKAD42R91BVOKKF4WL7DRIN7JOHOBMT I5VMSVXA MSYEE8ALIYHVY0AD9SYFREXR2XV0AH8TFOMBKH4IASCD1VM6OBKV2WM 1J7V73FQD2BGVURHLYMPT9DPX7AK4YK', true, true, 'C6Q7PQ 7EFD8PNI FS3SYA0ED16IUOLSMW3SIKB1', '62KGS7K3CMCKMBCERUFF2Y1QG8RBL03C4S14 4VC');

insert into DOMO_RESTAURANTE (RTR_ID, DIR_ID, TPR_ID, RTR_NOMBRE, RTR_DESCRIPCION, RTR_OPVEGA, RTR_OPVEGE, RTR_DUENONOMBRE, RTR_DUENOAPELLIDO) values (4, 5, 0, 'VQLCVUTO2REWLVUUQTISERDYHSN6NK2ERYR6117YVEFLFWOHVL', '4Q2S2W5W WQYHLUYF X1QS EP0V1WVWU0O4YR2VAWERJKDQ67 HJYUM50Q1XVNW7MAM9OS8VQ7I8GBJIT0O9CAJRGUQ6X9X5WXSD2KYNWHMDFU5Q8BUDESX2U0795WOPVV22Q9N9QD1F8V49G4LC6HOG5S0O23OMKA7C 8LXNVX27OV4JLUO9UJ39N06SV6B08ADN7WN4WR38YK2JPR4SU Q5 CNWL9TAOKE38H LADGNS7HLESJCR9RS2E3J3S', true, true, 'TDNNGQ63S5TDBJL4M5YOUKI8V5SLN9DYRO5UOVA4', 'PCOY41H3NUN8N4FLQ4ODYVPXDDD 1UK1V1Q3RC B');

insert into DOMO_AFORO (AFO_ID, RTR_ID, AFO_CAPACIDADMAX, AFO_CAPACIDADACTUAL) values (5, 0, 1, 2);

insert into DOMO_AFORO (AFO_ID, RTR_ID, AFO_CAPACIDADMAX, AFO_CAPACIDADACTUAL) values (4, 1, 5, 0);

insert into DOMO_AFORO (AFO_ID, RTR_ID, AFO_CAPACIDADMAX, AFO_CAPACIDADACTUAL) values (0, 2, 4, 1);

insert into DOMO_AFORO (AFO_ID, RTR_ID, AFO_CAPACIDADMAX, AFO_CAPACIDADACTUAL) values (1, 5, 2, 5);

insert into DOMO_AFORO (AFO_ID, RTR_ID, AFO_CAPACIDADMAX, AFO_CAPACIDADACTUAL) values (2, 1, 0, 4);

insert into DOMO_AFORO (AFO_ID, RTR_ID, AFO_CAPACIDADMAX, AFO_CAPACIDADACTUAL) values (3, 2, 3, 3);

insert into DOMO_HORARIO (HOR_ID, RTR_ID, HOR_DIAINICIO, HOR_DIATERMINO, HOR_HORAINICIO, HOR_HORATERMINO, HOR_NOMBRE, HOR_ACTIVO) values (3, 0, 3, 0, '5:46:58', '2:1:32', '8CUKYSPWADLOD9GJUJQ4', false);

insert into DOMO_HORARIO (HOR_ID, RTR_ID, HOR_DIAINICIO, HOR_DIATERMINO, HOR_HORAINICIO, HOR_HORATERMINO, HOR_NOMBRE, HOR_ACTIVO) values (1, 0, 1, 5, '1:20:30', '6:19:38', 'NSQLJUBYGLXSSNDNEYDN', false);

insert into DOMO_HORARIO (HOR_ID, RTR_ID, HOR_DIAINICIO, HOR_DIATERMINO, HOR_HORAINICIO, HOR_HORATERMINO, HOR_NOMBRE, HOR_ACTIVO) values (4, 1, 0, 2, '8:22:6', '10:19:47', 'O3N8J88OAQUJP25QW9IH', false);

insert into DOMO_HORARIO (HOR_ID, RTR_ID, HOR_DIAINICIO, HOR_DIATERMINO, HOR_HORAINICIO, HOR_HORATERMINO, HOR_NOMBRE, HOR_ACTIVO) values (0, 1, 4, 3, '10:23:25', '0:0:0', 'HJDEO7HNOMKK224UJQD4', false);

insert into DOMO_HORARIO (HOR_ID, RTR_ID, HOR_DIAINICIO, HOR_DIATERMINO, HOR_HORAINICIO, HOR_HORATERMINO, HOR_NOMBRE, HOR_ACTIVO) values (5, 1, 5, 4, '0:0:0', '4:9:56', 'BNM77YVS1V01DSHGCAL ', false);

insert into DOMO_HORARIO (HOR_ID, RTR_ID, HOR_DIAINICIO, HOR_DIATERMINO, HOR_HORAINICIO, HOR_HORATERMINO, HOR_NOMBRE, HOR_ACTIVO) values (2, 0, 2, 1, '4:19:41', '9:10:26', 'DLEE LMDM8MCJHM5JCPU', false);

insert into DOMO_MESA (MSA_ID, RTR_ID, MSA_NUMERO, MSA_CAPACIDAD, MSA_DESCRIPCION) values (0, 5, 2, 2, 'W6E5IGH1KOU0MOIIW6SUNM92V87W 1BRWPFP7F0 M9BVTAU9F8Y0GFH9AFYTOGEVMCC5FB2JF09I71WIBK ARISFXFWEEK4U7WSX0WK22V20OCLWWGCNSA8QM1RS0 XM630KQ7OI1KSI3 WLX023SE0UJWW4CJHMHDVK7KMA8N276 1BJ WQSVF AFDM2GHSFXYI MUF0EA9MLB9828LVW1WYUSHR4UNTTH0H7XD2WGXXG88 M4TV1GVV2JY BO');

insert into DOMO_MESA (MSA_ID, RTR_ID, MSA_NUMERO, MSA_CAPACIDAD, MSA_DESCRIPCION) values (2, 5, 3, 5, '9QSBO4JL7J 7GKFHJ6V8JN3JNYWLB4175SG0651RHYCW5YMT JQ XW68NEULVHJSEX5Q8QHGB9EHCAI7X8 B88NNOU8V AF OJ0BIXUVCTBLDTST9V4YN8636D4C QIH4DYATQFEQD4JNLFVFEH7HAO01FGNBSY5FMORX2TJ52K8KLQTC752 RD RUU2DF6 TVOLMOWYUH7ALR89J3 5JWRRBXRHOHU50577TBRILLDX7VRX09MSIUNA9CEJOR ');

insert into DOMO_MESA (MSA_ID, RTR_ID, MSA_NUMERO, MSA_CAPACIDAD, MSA_DESCRIPCION) values (4, 2, 0, 1, 'JXWTOI8PGX3D4MITROCFD91E53X2X1IP08C501RK5QS6YGAC  39CHMYCPCCND700H9BEN39RFXF980S52CRFV7RSALXUT 0DFKN09LW8HCRE725LC64DBJ EF4R1127U5E4BM9NDM2E2GKGGIQ0GFYQY1JA6HC32Y 599UNXVB GT8SUJEM9LG758MHLDFALGSQ3FN4KKDT1WG6SNOQS0RNKH8S1PHCUIECMAPAU9RLT4AQ5E7KHO6AQIHBNAF');

insert into DOMO_MESA (MSA_ID, RTR_ID, MSA_NUMERO, MSA_CAPACIDAD, MSA_DESCRIPCION) values (5, 1, 4, 4, 'X7CH2WMOE6T4N4OFOSMT 6BPE1BMK1QROYE0FI4VR EATPI73DCG93G0AU7 O3BPA8D0KD7APJF6GSCN9J09CXGDBCQ59891H5AN3T3IK MYGVRGEV8JKOEQTORSG8EB1NHC7NQVREYV801XRQYOVS4Q8WFR 9HOPOHKJ0WAPUPDQI81NIECR6BN Y431W WC 70EF6DT5G0H8AGEG3873GEJNKYD65IS9QIHXVDM50LFDSGEPR9P7PKETPNAH1');

insert into DOMO_MESA (MSA_ID, RTR_ID, MSA_NUMERO, MSA_CAPACIDAD, MSA_DESCRIPCION) values (1, 2, 5, 3, 'LV6H13V47LJHY7H701CHJCL2E22TNLMHXK78R30SFB A7TMQPQBN8ORDS4 FMMT1YTSVYSLJABX3IW7DSXJTQVL5961DB9O5SJ9Q326VN8VWAM1W74QXKKDS3TMQPW8Y5STCRDS02P4V1MDWJVM6GWUC2Q1WWIXEFLMJRMUYPEXLF4TO0OT08M3TSKGJ5JK7Q QD0B4IG0FUBUFCI5S6WYNTD2 MVYGXR43BKFV9S9OPP3OULWXQLPFUOYNBND7');

insert into DOMO_MESA (MSA_ID, RTR_ID, MSA_NUMERO, MSA_CAPACIDAD, MSA_DESCRIPCION) values (3, 2, 1, 0, 'SV3K NKPLVXNKPLDTFKLYN5S661B66SVX32XDPQOMJS71ORTRWT GJ5GT13VYDTY658TN9K898P432DOWJE74V1JL2 0R9LA5BTUE16894I2XGW09G0C2FQN4QLDX2R6BN3HDU9V2 3N0N7AOJF9S7OPQ3TH23IATSB3OR V 9CC4LRFP9HVY8T3M KS4WKPN1U1NW39119JCDKPQQ VKSNKQSUN946YLD HXNVJ23TK 75UXRTYYA8ARMLB M5');

insert into DOMO_CARTA (CAR_ID, RTR_ID, CAR_NOMBRE, CAR_URL, CAR_ACTIVA) values (3, 2, 'FTO218E2USKKW11UJ638', 'KBH8374H1VNG92QHF769VKY5T4AY1HP4JWFCTU5OPJG3ICXQXO2LRKJQ728H V TQNQVYQBV5E32EXL7PPB2T2PNIATG92DF2VP5H0IPTGUR0QALV6EBG TYUV4YVBFOT1429FLODTJX9BJIT5FCYXBMK0PIMHP3JTCRVFJ7TSISUXXI7U0L97NJ84Q016S61Y9WQ3CMEUNX5F1 0NAU5OBGTPSQILAAFG9I 7Y6PLECHDJ9H1XC6YU3HH4D4KV', false);

insert into DOMO_CARTA (CAR_ID, RTR_ID, CAR_NOMBRE, CAR_URL, CAR_ACTIVA) values (0, 3, 'KRMUT5JFGN3EVX PE307', 'R2DA1L5G ISOGTY3M5Q5RQ8S1OAE3UM8RM TAA X3YCY2 0D7SKO3VGPR63VDA 3D2QVIKEEHGE9FK151IJSTJ58P 3C5 F5ML5XDPU2 M445V854OSAREI06GL2R6H8FQY3XT92EGYM94D7BWLG8WDPD42XXWA4M83YNQELD5ED77Y3D6H7VBA1FX49TXMPW8KME4KUH87GVT4PYN1WROEREYK  X SW0KRGCR47J7MGGMYPU0HCRKM6PCJC7G', false);

insert into DOMO_CARTA (CAR_ID, RTR_ID, CAR_NOMBRE, CAR_URL, CAR_ACTIVA) values (4, 0, 'OV1ON9U8MU9L0UGORD5O', 'B69GLIMOPY3G NDYP3JEEK67ENVIVB U77URSNYKV1A2BIN6XHR8NPBJ KFDGM6JG9 4MD3G0MRFVI42L8WRPFAB7JPACHHN0O6EVLKXHUE FJD0RIHFNV1  68U3FGWYK4IUKP9POGFCUS3FHHQ2IAN7XURSHCOB0WNF2ME44DIE6K2O42F2BJ4V6PX117360T2X77Y7XX72MO9MDOD9L1RY66D WWSOFH8BH45GV6L6NUQE31LV2VOG5Y9C93', false);

insert into DOMO_CARTA (CAR_ID, RTR_ID, CAR_NOMBRE, CAR_URL, CAR_ACTIVA) values (2, 0, '22KUL6TXVHMILP4K1CE3', 'UEM1S3L7HDV3Q14JLRWXU30RVH7F XJ96I2U94D2T35W5UC1G2MH2S4JN31 X15V3DO007J585PAKIE3SIWI CU0TCSCRJM A9TPW C0EUQ0YEEGITVLX2HHOHYAEWONR9I2NG5QBC0U75OIUEEG3JJRYJNNMY7G18HAYUJWGL0M2OO2GK1SMNM9UBP97P9KYR1LEM6MM9X7771JFAYBJIIUUFL RK1LTC68GN M4VHH97IV9FYURM5 XAEQU4V', false);

insert into DOMO_CARTA (CAR_ID, RTR_ID, CAR_NOMBRE, CAR_URL, CAR_ACTIVA) values (5, 2, '9YPBSQ56W7CVI1FYWY8M', 'R93KIIYX1LO5DNH1HTJI56NMLH WFVBBRF2IQWW6N3P1TU3PDE S2IM768II17C VS  9R53O3TVT3CR2OXJGFTASEKDL4OQU8DMGAM6XIM3CNVMMTBA8GSFYJN53S1I03LOQFI1PLIRILJTKAT2B4EDRO2BL8IH83R3J4AHW0NLB K320 PNRQ U5UU7GEXUBPGC7QGVX0YXQF9QB3K8N8BCSWI0DBBSB41NEV3ISBXFNSERX5R30KIYSSN7P4', false);

insert into DOMO_CARTA (CAR_ID, RTR_ID, CAR_NOMBRE, CAR_URL, CAR_ACTIVA) values (1, 1, 'TIFAPPPIAX37ECVXXO4Y', '7I1GP0D2NBJ361JROT 00AWPYVSYA 7 DXSY2 NWJ8HN2Y0KG62CPVDW5VTL3IGDRMCMB5O9CSC1KDLV6L2HW 9OQ68NF2 YFJT8B6UCU 95EKTHIDDNARFUIMXW8X5TLATELOELVFQMTU K9CQS7DLIHJ5V7EC6N AFDEHQI8RVUJFJFUCOP2C2SSHWMTQN47LHF18RY0N33 953RQTF194OS11GKH2Q5IGCCL0KW5BULMCJKXIQKQMLH87B2N', false);


insert into DOMO_ENCARGADORTR (USR_ID, RTR_ID, ENC_ID, ENC_NOMBRE, ENC_APELLIDO, ENC_RUT) values (5, 1, 0, 'IOW09M LD8OPN50MM6 SFPNLGP3MWGIO0ON9BBYI', 'PE014G2J18YW70UMGMGHL8BKH10W7TC1QBXDMYA ', 'NH8WJH87YY W5');

insert into DOMO_ENCARGADORTR (USR_ID, RTR_ID, ENC_ID, ENC_NOMBRE, ENC_APELLIDO, ENC_RUT) values (4, 3, 1, 'JDTLPFQ5XODECS6F127QW 76P1JC4UQU4BN76NS1', 'CGPWYNR7A4KS2LA2PMOE0D3VP3IGL5GJCF4B Y60', '0EMO SDS0SVAT');



insert into DOMO_CLIENTE (CLI_ID, USR_ID, DIR_ID, CLI_NOMBRE, CLI_APELLIDO, CLI_RUT, CLI_TELEFONO, CLI_CORREO) values (2, 1, 2, 'NA4BGRR2K9UTFG0X82LPDQJ1RDYKBKIGV 1D4VG4', 'EQ0G2LVVQB5Y2 UC8EM5T0L4K2MSJ2AIJQOFHWOJ', 'PIV XI7REJLIE', 2, 'LJ1CLHSS2HB 4X8DRL88R83T986QH2XXHIGT7OHM8K738 TK67');

insert into DOMO_CLIENTE (CLI_ID, USR_ID, DIR_ID, CLI_NOMBRE, CLI_APELLIDO, CLI_RUT, CLI_TELEFONO, CLI_CORREO) values (4, 3, 4, 'CT04NBMAOJPPEABKWNLNTXQOANEB89GTL5HWGKIE', 'SSDX1NS8AFV7DN1X7US9RJ5OL312JDMVNHWSPYUW', 'DHXLIGGM0KPFE', 5, 'R25K2TXKT2HWQR6R YUPT4VV6GWDEXUXM3OJV053AKTVS2VV7A');

insert into DOMO_CLIENTE (CLI_ID, USR_ID, DIR_ID, CLI_NOMBRE, CLI_APELLIDO, CLI_RUT, CLI_TELEFONO, CLI_CORREO) values (5, 0, 5, 'XCMQ0S109IPRT0S7LGQXQ90QMHQXN7 M621 13CL', 'BAB16P0A6UG3CNG4KS5LPQXTNCR93X1LUFK B EL', '0FELAT4ABUY01', 4, 'R8AL GYW4994B0S37BB18MX5UEPLP2B6Y1GL9IYPDEDTEBG4HW');

insert into DOMO_CLIENTE (CLI_ID, USR_ID, DIR_ID, CLI_NOMBRE, CLI_APELLIDO, CLI_RUT, CLI_TELEFONO, CLI_CORREO) values (1, 3, 3, '9YHLFVXHM8XQA96TXLMVK79KWO1CW3TXIIIOEHB9', '52XSOKLHYJA58Y0EM NGLB1SH3UGAL7ITN4WY4M4', 'MX60 AR37BI4V', 3, '0KAY4A9K3GG3OB7RG JWSFKWWPG9WVJDF488X4UJ5WJQK42 X8');

insert into DOMO_CLIENTE (CLI_ID, USR_ID, DIR_ID, CLI_NOMBRE, CLI_APELLIDO, CLI_RUT, CLI_TELEFONO, CLI_CORREO) values (3, 5, 5, 'GM08TKT72LCWXJTU19RQW42LW K3140MGTX686OY', 'XIRCXRD4FN 3LR8GP5N2D1439HJ57FDQHXB8S68M', '57KSCNYSN B70', 0, 'R63IGMI4OBVBM4F4V5KEKMBTN4SAI22SP6K B7IF9A9 HGN2YO');

insert into DOMO_CLIENTE (CLI_ID, USR_ID, DIR_ID, CLI_NOMBRE, CLI_APELLIDO, CLI_RUT, CLI_TELEFONO, CLI_CORREO) values (0, 1, 4, 'D1IGTA1B6RL5XL383PXVP0BAG YETAXEM52KW0RA', '9 XSGEDH31XCFUUOR1424NJDSH3MN8MVH75Y7F70', 'A7D5EH NAH24G', 1, 'BEVSS2EMB6Y2U7204EO4S1886Y4ABI73NYIX9KA0BK4WT H3UU');

insert into DOMO_RESERVA (RSV_ID, MSA_ID, TPG_ID, CLI_ID, RSV_HORA, RSV_FECHA, RSV_ESTADO, RSV_FECHADEREGISTRO) values (0, 5, 1, 0, '2:45:4', '493-9-16', 'A5BR1G7Y4UOB3DCNDDB4T984472JBY', '922-1-10');

insert into DOMO_RESERVA (RSV_ID, MSA_ID, TPG_ID, CLI_ID, RSV_HORA, RSV_FECHA, RSV_ESTADO, RSV_FECHADEREGISTRO) values (5, 1, 3, 5, '11:43:5', '1165-12-5', 'V06G3LY8E8SNGGSBXITP2 TBW0 1MK', '410-6-16');

insert into DOMO_RESERVA (RSV_ID, MSA_ID, TPG_ID, CLI_ID, RSV_HORA, RSV_FECHA, RSV_ESTADO, RSV_FECHADEREGISTRO) values (1, 5, 2, 3, '0:0:0', '903-3-4', '59K0NRA1I4VTLI5 KR29VB6K0JKRPC', '664-10-28');

insert into DOMO_RESERVA (RSV_ID, MSA_ID, TPG_ID, CLI_ID, RSV_HORA, RSV_FECHA, RSV_ESTADO, RSV_FECHADEREGISTRO) values (2, 4, 2, 4, '9:45:0', '1-1-1', 'FWEXI1ITV4GJ Q1LS011N34RTSTJ9 ', '1396-4-29');

insert into DOMO_RESERVA (RSV_ID, MSA_ID, TPG_ID, CLI_ID, RSV_HORA, RSV_FECHA, RSV_ESTADO, RSV_FECHADEREGISTRO) values (3, 5, 2, 2, '5:23:8', '1640-3-27', '6FP1FSKR7LLV9S1EE70V250QH99O0 ', '1-1-1');

insert into DOMO_RESERVA (RSV_ID, MSA_ID, TPG_ID, CLI_ID, RSV_HORA, RSV_FECHA, RSV_ESTADO, RSV_FECHADEREGISTRO) values (4, 0, 2, 2, '6:49:33', '313-12-17', 'NUL4W5BQDKVWA3OY3 KX5UALVCSHP4', '1648-12-30');

insert into DOMO_VALORACION (VAL_ID, RSV_ID, VAL_TITULO, VAL_DESCRIPCION, VAL_ESTRELLA) values (0, 0, 'DUE7SAOO2GXAALFNC B8DGH5JGCP5Q', 'ADKVYO79JN21LF1GGT36ELNINF8KBA1HABG2IABDUV9IDSHIOBGFJGAAAFOH3G6XX FG4NJ55NQ3UWTETWI4KL2QPVFK297ATPMUR4 GDPPEE2CF6QQ3FJPWYTJYXNKO1NV08D KQG246WKHIXB4X03DJ4OWDURNYPNSDB DX6A D93UY901S5BAAF7K CHCHM31U5M8 VJP BQI2BBQOAIAH6379 NGUV L7EO3FDN2YHDTSIB4412KUI06KT9', 4);

insert into DOMO_VALORACION (VAL_ID, RSV_ID, VAL_TITULO, VAL_DESCRIPCION, VAL_ESTRELLA) values (2, 5, '7U2A1EHVJHAL4AKTT1YXFU8AG1GVOF', '6PPQG T1E585V4I5SIYT3JBHUFGAP77G757HIKGU5FV3Y8DAWYN7OABFDQRU7ETLUM7 R9NCUXFD5YD86C9LTNJQXOYC18I6U09N8A1VKTSCEU1J69BQKSQCUJD1MQKTJMTJ QH2UKQ6LD8W N4  RXFY34WDUEBS41D1N6KT3PNPX377YPF5JFANE2HSCTM LWJJYKA4Q04QR0I0YXR70UCT0X1D0UW0L32LHF9X8OPO3O 2UFCAY37VU3INGT', 5);

insert into DOMO_VALORACION (VAL_ID, RSV_ID, VAL_TITULO, VAL_DESCRIPCION, VAL_ESTRELLA) values (5, 2, 'VV3W9V1PYMDNJB8B8EGF0HAMGM1FHR', 'CC 6NF RNYQL4M01 M9L8K3AMUATF69CFY4FO63WREQBRMHD C8M2A0WI714 LUAQCOX34DD537BOSG7OL5I6P8N Y9S4ILVYKUKLIB3GAIQKAQCV4U L25K8PJDBKRJ053YIM86FTEJSA0VI9LLXP3WNJS9RHI  9FJSTF2312HC X6RX0NHYA8S3FKA X80I5I2E3IKU23XN1WVH5896VEBH78FS0LI10VNSAF3PDNVIR0AUH8TSVL4FBXBQM', 3);

insert into DOMO_VALORACION (VAL_ID, RSV_ID, VAL_TITULO, VAL_DESCRIPCION, VAL_ESTRELLA) values (1, 3, 'WGT01P82HB FW9R8QBT0NB6N0FJ8BH', 'OYK8DGF053IDA4WFONJVBG88575D5SLK92BAL3P667RVUB5AFNHLX4YUUPEB599LKN28UU6LE5H3 SMI289A9CGFK GM WK8YO2F8LAYXT9L5HP6LGV2DF9MNH40GGG26B5MNWMV493EJ T8EIYF 8Y2KVQS7EVI6VO0S0QVOPOY5KFJ4UM8PB376X7IKSRU8RK83T9EKJ21R51WMWHSUWBELLX8QE5CWM69TTTS090XXA603GRUKTAY5 UDOM2', 1);

insert into DOMO_VALORACION (VAL_ID, RSV_ID, VAL_TITULO, VAL_DESCRIPCION, VAL_ESTRELLA) values (4, 2, 'HV0YP5597IIWSWIIO98O93A94TVREL', 'XD789LP65M87HN G7J1HHDWWYRFJAKC2ABA5XOCOFWCDWCK9NLEFDXHFTIHQTD4NDHA7IWL316EKG7 B7XBR0D5GS2PK87UAT7N9OMRKOMALW32CUS6IM8GJD4CHFN1K QRH9MN3PENJ9B2X7IB KNE3RDK8FSNYTFWA6AFE4P6RNQLCMFXQE8B8TIFSGA1M L8DJJN0MTCYBSPP0W6LU50U1BYIUAYKPOUROQA8I M1RCWV1C3QP2ONJL0Y5IJ', 0);

insert into DOMO_VALORACION (VAL_ID, RSV_ID, VAL_TITULO, VAL_DESCRIPCION, VAL_ESTRELLA) values (3, 3, '9JGUR4XLEXAUSSBU ES6SPU21MCA0K', 'K02QO VR6SIC7JX IX7MJ18U464FX05E5F7SP2EUO2PR0EI92NYMP DKJDSUNA GO9KUPMERFO 169MESQ1T8VR8WAGXHYA59EPKRMC2UJO8S6AIMH1XC58N3P0655W7RE5M93DT499B7E40ERIHLI50N0F N56UVIGIW82EA5760A8VO40 SQC 1DOQ7H O2M9NNFKO32YJ5DACSR6S2Q9JCGRMFOROK86DQ6KU3N15TCG6ULO7SMT5KQPS2KF', 2);

