insert into DOMO_REGION (REG_ID, REG_NOMBRE) values (2, 'RS38G 8MLVY VECVNS1G1FAI0Q2CYM');

insert into DOMO_REGION (REG_ID, REG_NOMBRE) values (7, 'FX1FY6U47GRIB96BU7LOC9Y98F3ASH');

insert into DOMO_REGION (REG_ID, REG_NOMBRE) values (0, ' NVJVPXLBI2UJCSAVD3U01F787K0JG');

insert into DOMO_REGION (REG_ID, REG_NOMBRE) values (9, 'DR8WYFBO4G6E7XWWWUQIHVV9F6A4XL');

insert into DOMO_REGION (REG_ID, REG_NOMBRE) values (1, 'MWOI9JLP0OXCGRN7DTIN5ELY8FURD8');

insert into DOMO_REGION (REG_ID, REG_NOMBRE) values (3, 'UXYBYFKVPPWD88BM5KSHLLAM4G6BEH');

insert into DOMO_REGION (REG_ID, REG_NOMBRE) values (5, '7 JA FUL17L9888EBD9FWHJKC3S4TC');

insert into DOMO_REGION (REG_ID, REG_NOMBRE) values (8, 'W8YSGTS9JNYX7VT7EP0HRNFUCXJJJF');

insert into DOMO_REGION (REG_ID, REG_NOMBRE) values (4, '2 44NYXTQXRNC5HWPDOGT4HXDVHERE');

insert into DOMO_REGION (REG_ID, REG_NOMBRE) values (6, 'BP4XBL0GAIGTR31MFP8 MCU1A 1X 7');

insert into DOMO_CIUDAD (CIU_ID, REG_ID, CIU_NOMBRE) values (3, 1, 'MHCD78L5WTR14QTQ 0V51 SR0CY3KRXJ38A8YEQC');

insert into DOMO_CIUDAD (CIU_ID, REG_ID, CIU_NOMBRE) values (1, 2, '88M SQHJNX ICMUHO0NF04 4S6DWU14TR7A5KI0E');

insert into DOMO_CIUDAD (CIU_ID, REG_ID, CIU_NOMBRE) values (0, 2, 'RV2S1B9BGM94 QMRBLNPW0IX MUPUIMGQH 0RHN ');

insert into DOMO_CIUDAD (CIU_ID, REG_ID, CIU_NOMBRE) values (5, 8, 'A5INFD6QFB140YLEUVJ8CVDVFOCIOU2M3ANF6OXF');

insert into DOMO_CIUDAD (CIU_ID, REG_ID, CIU_NOMBRE) values (8, 2, '91P 0O715WM22RS8DXTL8B3RHBYVEGQMU3U  4M3');

insert into DOMO_CIUDAD (CIU_ID, REG_ID, CIU_NOMBRE) values (7, 4, 'FDGLBL0HYG3D5XTDW9S7HOYGVHNRBEQ8YMB0MWM ');

insert into DOMO_CIUDAD (CIU_ID, REG_ID, CIU_NOMBRE) values (9, 0, '94W HWWQIPIN6FGIWXBVNUYHVJNFVETJ9D EHLGO');

insert into DOMO_CIUDAD (CIU_ID, REG_ID, CIU_NOMBRE) values (6, 3, 'C HAG1OS7Q7QXU8B0TSX7W9BME5HRJ7A6 42LWLN');

insert into DOMO_CIUDAD (CIU_ID, REG_ID, CIU_NOMBRE) values (2, 9, 'XVJPD1 K2N8G G6WT0616DE7ICVY5MNWW0O G67K');

insert into DOMO_CIUDAD (CIU_ID, REG_ID, CIU_NOMBRE) values (4, 2, 'H1ETY7BA5NYTUXRDQB9PYXVQRE S 4HXGIST2HYW');

insert into DOMO_DIRECCION (DIR_ID, CIU_ID, DIR_NOMBRECALLE, DIR_NUMEROCALLE) values (0, 3, 'JJ59 6X2EGRVEY25035UKEG8R2UN8W5MX 0SOBCFHU9RUR33K4', 2);

insert into DOMO_DIRECCION (DIR_ID, CIU_ID, DIR_NOMBRECALLE, DIR_NUMEROCALLE) values (2, 1, 'ALG A2AH 9GBGMO4CBDE0ONLPFYCI 4I0LTPU0CM9PFW NBP5 ', 1);

insert into DOMO_DIRECCION (DIR_ID, CIU_ID, DIR_NOMBRECALLE, DIR_NUMEROCALLE) values (9, 7, 'TDB571HXXCL23CCXK6QMNJNG ESP45GW3E0KA3369I83NBDMV1', 5);

insert into DOMO_DIRECCION (DIR_ID, CIU_ID, DIR_NOMBRECALLE, DIR_NUMEROCALLE) values (3, 6, 'VO92Q440IHTPU54DLB7HH4QLDV  O0U6TVCSVQ9USFQW3DY7B8', 4);

insert into DOMO_DIRECCION (DIR_ID, CIU_ID, DIR_NOMBRECALLE, DIR_NUMEROCALLE) values (6, 1, 'NEF3AR39A7HNBXY2O0WNGBJTP2961Y8W8OTD1RU3L1KA42YGX ', 3);

insert into DOMO_DIRECCION (DIR_ID, CIU_ID, DIR_NOMBRECALLE, DIR_NUMEROCALLE) values (1, 6, '9QIHVPR7SG6G HS4D05G7XPF8FXSK40308U2U0BBPDX9B FRDG', 9);

insert into DOMO_DIRECCION (DIR_ID, CIU_ID, DIR_NOMBRECALLE, DIR_NUMEROCALLE) values (8, 0, 'IFR5LJ7Y7WI46YNSTELM3PJKPI0EGPLKTU61MOU96XLCY98GHK', 0);

insert into DOMO_DIRECCION (DIR_ID, CIU_ID, DIR_NOMBRECALLE, DIR_NUMEROCALLE) values (4, 3, 'AAYPC2M0UKKADLHL5UDDY1X LM3XDPO74P8WSDL9NAO L8T6CO', 6);

insert into DOMO_DIRECCION (DIR_ID, CIU_ID, DIR_NOMBRECALLE, DIR_NUMEROCALLE) values (5, 1, 'P6WH9VCNO 6E2PBFC X9CD980DMISRJLRXL3Q3R31LBU214Y6S', 7);

insert into DOMO_DIRECCION (DIR_ID, CIU_ID, DIR_NOMBRECALLE, DIR_NUMEROCALLE) values (7, 9, 'H0C5M019DY96HI0JHUSPPHU60PUUUOQEMAW0L2JKBFSWYA64I3', 8);

insert into DOMO_TIPOUSUARIO (TIP_ID, TIP_NOMBRE, TIP_DESCRIPCION) values (4, '8NPR9B6LT1KBVH8XQPP6', 'M5P1AV2DHLT3UNHQSWMMRSPV5KAM8U6MOCINFWO1B0T1 CIHYE E1E6YUAK659XF8XKH9TGJWXAS12T1V28164DSHM4NTR HA75T5T4V8F5R3YDOW36B67S6YY DI1MBK4MVR9YJ7AF9G9P499QUB1FA0D3MNVLTNBEP LQEEW3HRCUGT0R747VO4MIJ0A8BT3UE1GSR7C7JVRE7BG6VHF6DM4B8MDFH6CFUEOYBTBVI0AG98DY8IK RIVJMUGH');

insert into DOMO_TIPOUSUARIO (TIP_ID, TIP_NOMBRE, TIP_DESCRIPCION) values (8, 'AXEB5IRWDTUW889GRB1R', 'HOPLUV7M66959MQO V63JLNFMPNCM7YBTWEW7F4QS157NF4849XM FX76SSV1NHFFDBTHGQO4WP7FHOSQ9CKP NJ16ABJCTQN91 AKFHG29C92PNFHV0MIE573VWROVQ8LSX1LTNJMVUNSPI5CI2QJTA5GTU5EPHC7GC3RM7HF4 3HCP80 XSVOTO26G6JJJILIURHQPT5E2 BF2FFMPIM 10FJ05DR Q6655J7BI6NEIQWYYEGNJ5VUUU9V9HX');

insert into DOMO_TIPOUSUARIO (TIP_ID, TIP_NOMBRE, TIP_DESCRIPCION) values (1, 'T12V84U7SQWSI9FF3G0G', 'GD2A EW9LWQICYEV9BE6YF4MM6G9FPOQ467D2GV8RQS9ABDNDKQ2YKGN9H462G41ND8J881NG65UNNUNB1J5XCDJAMIA7I8T9JOM9IA6 RCVVUFGIKM26 E3OV1HBPOAQNS31 PO1JPLGNYU AP24NA7XWXDXSHQB4M2EAR3YTCWWUIOBW643E3X4T77JFUNUR BAX4LIE4ER0I0KB9VK76HU2NVP7CNNSGANBSH3HSALPM2C1XJ Y687LTW2KR');

insert into DOMO_TIPOUSUARIO (TIP_ID, TIP_NOMBRE, TIP_DESCRIPCION) values (3, '1SOUB6UGU D8WM32P7O9', 'KMTG2FS07LOQH0AU8TU 2UFYQUN1J6X9B6V6FOLCCD 8HO6D1LY00NAQOY HMQK5 7FIQDUMQFSAH8KR4Y2AMY4 W9O1PEO5W8972MMY88XPCDMSDL5 SDHGE09EXWD6E8NS4IUQYSN2LUEJQRPY1HQ4DXN15 NG3Q9JB7EL5MIPCFUFEBKXMX7D2D76UFFIQT4JNS1J6TMTGWT1NI DBF4R 5NW61I462QNTJFSLYDAE25CY9OHPNL6RN40YON');

insert into DOMO_TIPOUSUARIO (TIP_ID, TIP_NOMBRE, TIP_DESCRIPCION) values (9, '62K47CTQIIDK4YMKUNAR', '2 2W HE5O812RQ5RHFW9HGOYXELYYY 1WM2R1F WAWGN3R6JB6NTJSR55EL4ICNVQL41NUN8M2MI1EV1WHW6AW36DLBAN8FOSHUDBK P5HDB WO29M387MA9D  Y6BFBS9I0IFR4VDEB9EFHXBGMRQDOFYN9Y73Q2A9VR45DDB4I9 4EYL JHWLXBC5XYE43FD HKAIGPDQHFM6 XYHVYNHMFC3F3CIP8PC5JGKNIX9H755N AI8RIVLMLUVBDI');

insert into DOMO_TIPOUSUARIO (TIP_ID, TIP_NOMBRE, TIP_DESCRIPCION) values (2, 'SYI50E07OYCMH1T039KH', ' CUTO918BVTHG2E WQXERITUQB3LYOPNL7ULNEDSXJ8XYL0UGDKBDVXR7FB946GS9R2R8LPP8NVY8AM85MA3LIYC8F2LFVP1XGD29K6U0 RO6QPU0POIK62I8CM4KXEROCY4B1U9BSB CKOS5FL 4L8GSOL3YEFMQXH9HROC9VFLVEUAW3DSSJEQMI3MLHIMHAXNLKJP5KCXPYF QITXOTC4MFJJ5CBYI1S7588AGPQ9BXKRA2 9MAUOTKTH09G');

insert into DOMO_TIPOUSUARIO (TIP_ID, TIP_NOMBRE, TIP_DESCRIPCION) values (6, '7KC2M4IMWPECVO5PPYRF', '5HAWNANDCSOOMU0ARCNID2THQFL8V5GE ARHGRPLAYGNT61IEUPAM4AUYTOFX77KJXL8V1ADYUGJERS3FV6P6KOC9GJILJU77KJ8 6D4CLOMSQ3RTOLK TWCT0F O2PJLKUWM0Y4VENN3WT8VOX R 033C5QNF6ONEA5DV0M2ODOAPU05FSK0S SWF 3WWONJP89MVMOV0H7293KHO8B1MXG7DTRIFNDSAIXLRUDH217WCKB 9VMVJW3DG VCLJ');

insert into DOMO_TIPOUSUARIO (TIP_ID, TIP_NOMBRE, TIP_DESCRIPCION) values (5, 'HCQEE4W7D1U7QY40HORQ', 'N43I87URMBRQ 3D8I38V9E90L06EX4NW8L85P78K952P9QE3DHSXG75GPY3JV8I8SJ U94KD0Y8N5L67X3A7UP8E6F B2YQ3TLRL688FJ4JU8C2O887IF561LUSA79J4TL6X7N8XD5I0GC5M6D71MFBNGWJGIYRX4RWUG7751YSI5T45LC3O9CNI5NGDIN 6 IWYHKHEUN634QBH69VQLFSW2D 55MCKMM6C841 2PN6HSRSJGN19 36DMMFT3Q');

insert into DOMO_TIPOUSUARIO (TIP_ID, TIP_NOMBRE, TIP_DESCRIPCION) values (0, 'UGPC253JIOA 89OQMB3R', 'S21YM04I9WTAMUJ4B8MO1B3IQ792CAWMNB4K0NJ6MGYFV6ARCPPGN7OMYNF6LRT5V9FK584 IPEHVU5L6AVKCTDPALI ET96CQSMBCGJBIQ03PYB58NP3ELQ6X7MIFJ4UDDK8 U3LQRRKWD7MPUUFMM84EIF71N4BUMC6IEKS2LOV1U7 QH1ELEHOOOVAFGYMN661Q1II3OR15KXOCXHMSQDDB9M4TJ2R62A3TF5AEMAPNKN5CSK737FTS1FLTA');

insert into DOMO_TIPOUSUARIO (TIP_ID, TIP_NOMBRE, TIP_DESCRIPCION) values (7, 'CXK0WYN3T5 ELO7 TPPQ', 'JNTK59C0DQDGK DK9WK TST5WMI482HW5AQ6E D1QICC5LJ6DFOOYJOPMGRX7J899S4RT59IE9LWPPRP7BACS6RQ4 P3JFW6Y50F9AV88O8U324AM4WRC M0LYHKNQR3XHCJVDETQJBBBX2T7GVYRO5XV23K61FCLX0TVYGL3KUNH4FY5 K7DLPSF5FLRD YYNQ5N34P2KNJXXH8AD74MK0LFYBGDCVUPT8TQFS47DIU49VT5CVL6 76NEI8 20');

insert into DOMO_TIPORESTAURANTE (TPR_ID, TPR_NOMBRE, TPR_DESCRIPCION) values (3, 'LPO7MXW4YXMPWX6VP3ENIJM9S2S6 CFPW8PGF89T', '0GFIIAH41N2JRGYALX4VBC85 0EMUQ6UGFK4G  OO2B8U4XKSW8OA6KCASEI4JED4FCP GF6WI01HP9ACSYQOFN7KKHL6T AX266ME43G08T50XM1C9584LR02VM67CRM8PYB9X 0XA1TJNQMLDP2542P9WQQ3HYY2N0DAGF2VLOQJSSRTLLQ3M8OC1QWP25H1YVKGV03PP9O6C20MFL6C4BSW0U2 FIRUOJ1K2CGMETQ8YTTVJ0R5CIWQKX3PK');

insert into DOMO_TIPORESTAURANTE (TPR_ID, TPR_NOMBRE, TPR_DESCRIPCION) values (1, 'EBPQB P25PS0IMDJDNBD65JPYR1Y30NPIB6GSC 2', 'D5I2LC6K4E1JXHEYAKQQN8EM PWQ97D40 BH3GPL14Q5OT3CVILYWSV0YTTKR2BESIUHQR8YSPPIO4JPWU6BNY45MS4FSPND2UYRM0O5549W54ODQMH5AREDA1QPBK8N91Q5GERBV9YWR0B9TWSTTKTN8YW1RJQHT1MOHIYBTXN6RC YLINYO6ANUQ345WLT5OCJECIKUTIIV20RKBV9XSENFK5W A18TQT0JBG8SIXXELJK8 MP3 LLDH2FCU1');

insert into DOMO_TIPORESTAURANTE (TPR_ID, TPR_NOMBRE, TPR_DESCRIPCION) values (2, 'W9QD6GKCKPXTXD2990NW8SYBRP4WKJMDPQOTNXQE', ' AVCLO7O2KLMK6PFW459A9T436H7YT FY6NFW79PI5FKQJKD2UCG80O F8F7THNQO1JXRY3 NHD0VDTTVY 7WJEWI14YK15BEJYX3CPM8LNJL4F0W5EQUH8GW57NVM6B 95S0BKMOIE OOTYC1VJR2R0U3BRM TMXYB7SDHP1BOE0KSH0DHHF 3O8FX1SDMXEBL3TGQC12F7QSL5GVCLVKMBMTHIJIIPA2 PN4YV1XI31VUBTAE99J8O6W9G7QT');

insert into DOMO_TIPORESTAURANTE (TPR_ID, TPR_NOMBRE, TPR_DESCRIPCION) values (9, 'KNNVGLQEU6E7HVDG6KGQV1GLVFR11VOI8A6H26IE', '800DJ3G7C22P CWL4XFI4VB66SBHJ7WAISYLEY1YMTNO45H9I83G57O42YT9K7C2DDRDAB 3CMX018PO6W5XHU26DV3OQ0 OF89CNCYUWI45IEA5MOIHOKDRXBYMGI830HD21F5XI3JJLPEB411NGB2TBT7YGT2OCX1XF2AG6QHGPAS7O3RSX65LVINFR7 7BY8D WMVMCC3GIOC6KL8DE3TS56PL20VNNXK6SX4EKGKQUWL7VL6FD0LY8OBKYP');

insert into DOMO_TIPORESTAURANTE (TPR_ID, TPR_NOMBRE, TPR_DESCRIPCION) values (4, 'IFOTA8X6XSI9HHDIRNS WHT274XQKBT8CW5VA6GV', '7VS5QRPIHUP9WSXR853SR OFF4T2SIM49AQ0WSR8P2O603K3Y6 8 90H8SQBFJXXDWKJ3K9GVX2OQEPBVAU2SN8SC7CEK2W8DLYV5QN3J34ASQHBG6SF0YDKIGRDESPQG0A7W4ILM1RJTH5KNEHGD6MGTCP8YNQM9JMO0XNWH I0D730Q8ACKLBRUIJ4BWHOSDKI3K KVYN9XT 6HQ6D3UX7JDD4B3L5GHI NSIKWP0YSHG3 TUSGQ5383UDU0V');

insert into DOMO_TIPORESTAURANTE (TPR_ID, TPR_NOMBRE, TPR_DESCRIPCION) values (8, '3BFPI6P59YGGOQ7PV2RUHRRIIC4659AGRHTC7WRC', 'V3MFC3LJH5T4RANHDS3LV0GR9PNB2JSB5 CYWQ9FFLN6BK122T EX0FQ25RUE2R1VQXE0UEP LD1FOPFTGQXDOC7E3 2MYLBEDHP1IS3DXV5SNWXTGAEJ27EOKMC N9MQEWJETMF9SUQ6C83RXFTV6BSVWRLTHWI9OU4HNBPTRSJGKJLUHPQSW6YGX8IGQ3Q1GQETWI4VUX2H0 8V3GGU1NMGURD8IK8JETYVB7 NFCG2BY134SUHCUQE8P5KWF');

insert into DOMO_TIPORESTAURANTE (TPR_ID, TPR_NOMBRE, TPR_DESCRIPCION) values (0, 'VE711Q9TH B O 8JGGQLR4QDXIE9MV0YDWLBCJXW', '2VN216KOR BUF6 64CCMI9D5BE5CFVVYFKMAJA8G47R1HRFNSY KOSPAK1YMGMAUPS82 TRDT8CBOR LIVM56MQ6WHJD6BYYG5TOMCJHTF4TR6VLWF9KLGT2SD236FJHCV2BBKW78RIJ528GPNAU4X5HYX75NKNW8M2VK4 7BOD5WI5BUYKSLPY88V0NJ9SY3OD1KRXFG6X7QKJIFEB IL8ELIWIC6CO4TVA49Q29TT00FAROH4R1AYC8MRFAXN');

insert into DOMO_TIPORESTAURANTE (TPR_ID, TPR_NOMBRE, TPR_DESCRIPCION) values (6, 'TQ7K76VOADXJ1CD77 M8QA7Y3RXM 7EK7LTP3IKH', '9TSDHKBYDHR817OM95 EJ0IMWW2B1GPLMU7L 0KVEDHFDCOB713VD MUF3MPRNVJKOSPMA4GYLVW7L7VLPK6Q9MI6Y KJWWY73G78E904WU  27KV3RMYCG15X IT9WO99W9K8K3OF7L3Q RYMR6AKE1RUAV1O9QYRKOFKWDSRICYI24D1EI35V811CINYQ91MSXO4FN9W3H46BC4LDVP9PKG4E15W8LR7K38IJYC61W1HUCQV39K Y238FP352');

insert into DOMO_TIPORESTAURANTE (TPR_ID, TPR_NOMBRE, TPR_DESCRIPCION) values (5, 'JKE4VC NNVUMM8DGUPCVFL6OJAB2G HOCYN48JRL', '7 CP0X8XEWE97A116BVR929XYKT7E BQR09U3SQLA8RFLFCK2G1E4O BNYSBNGT20RKDFQBT3AU0 3UFDB6RSVXYNXF3P526XLAFSR84FFO8VVVTLKJFU7S2NOGPFNDGLHVYJYLD0MN3GHOBHEQQI754IV00APWIBV4QRCIMTCKGLLDNTKSRNHIV8SLPJ0RDGSB752VAXLPUTY2 LB7HULABY74AYBY6LR3Q47K1JXNM9CPM GTIA8RS0FX01DE');

insert into DOMO_TIPORESTAURANTE (TPR_ID, TPR_NOMBRE, TPR_DESCRIPCION) values (7, 'UL2IDMUQ2UPN5L 54WO2BI44CWYX37320X6K3F8A', 'IIUJCOXCT2EGYQI48ABWCT27WU9RVY1X31N3WIHWW2NJRQA4R Q38 SPH44QQI49189M1 0TQ8RRRDKDFO5G6X5BQLVG65I1PADF61UJ6GFDEH8HO4GJ0GYY28YUK 3SOK66JD8HAPV20F5XAA46B4XH73B92STYWKDY2AHYE6RVLDC3D93NG  N5GHIM0MWL 79KRY568E9 2QA79XPLWX26QHQYPKU6LH0IE16IBJ4TWDRFOOFN9ODUGTIKML');

insert into DOMO_TIPODEPAGO (TPG_ID, TPG_ETIQUETA, TPG_DESCRIPION) values (5, '4KGHS0NJTC4O84GEC631SJWRBAH3QY', 'Q9KAUIKGW47NCHS78W3UHT4B9T05WWD4COQS3Y81B525T82W3O');

insert into DOMO_TIPODEPAGO (TPG_ID, TPG_ETIQUETA, TPG_DESCRIPION) values (8, 'Q6UNT2UV9J8HB98U5 3L82CJ92659L', 'WCYSA8G8GSFYEQ1EJ308NSBA2QM466T O8GB6XGPB7DK27VD7O');

insert into DOMO_TIPODEPAGO (TPG_ID, TPG_ETIQUETA, TPG_DESCRIPION) values (2, '2GQQR950Y52XQUEAN6DQ7M4P9MW6 B', 'EDYD25NABX6A0AB3G3UFHS8VIRRK0JA6HS54V9JWWRS1BY N0A');

insert into DOMO_TIPODEPAGO (TPG_ID, TPG_ETIQUETA, TPG_DESCRIPION) values (3, 'X548FR8L3OE9WG9RP  UBDK 1ELYI5', '6DTY1G4UNJKOKF3BY2 0QUY7N0C74SPET4QKVR2KQHQJ6FJ7YS');

insert into DOMO_TIPODEPAGO (TPG_ID, TPG_ETIQUETA, TPG_DESCRIPION) values (1, 'P0YJP8AUMSKIX5CIVGVRBXVD17KPU4', 'PQJFK83DV9HLLE6MJW7QO5REPQH9Q2FNENH9C69YJ628CMGIM4');

insert into DOMO_TIPODEPAGO (TPG_ID, TPG_ETIQUETA, TPG_DESCRIPION) values (6, 'MQDE4S3QN9DTS5V1U5K1Q66YRVLQJC', 'PIU48 PT3810HLFXH GV195Y525TO2DCDC0HGI160REG 76JLH');

insert into DOMO_TIPODEPAGO (TPG_ID, TPG_ETIQUETA, TPG_DESCRIPION) values (0, '53HC2LH 5GMYWN8F3NJ5GIJXQUIL50', 'MG5GHGDNN5L97JIP5MI007FHA9MS4HAR0I3CCIJM37QOJMM5OB');

insert into DOMO_TIPODEPAGO (TPG_ID, TPG_ETIQUETA, TPG_DESCRIPION) values (4, '273A60VJAGAJ4IO3NA02EVNUQXKWC0', 'A3X5U4PPS9OL80E33ELSTT9XGJWELFOSG3540K4HR7DMFI2J7R');

insert into DOMO_TIPODEPAGO (TPG_ID, TPG_ETIQUETA, TPG_DESCRIPION) values (9, 'FJJVF5GL2T0NO8E2B2XHKY4PSAC4AQ', '3XL8EOUTRJHGOMFX481XNNIVQ83RUP95SFM1EBU0PPR9RUE77F');

insert into DOMO_TIPODEPAGO (TPG_ID, TPG_ETIQUETA, TPG_DESCRIPION) values (7, 'P31G5SI2RFNRXS5OQE3TUUFDEYV9L2', '8EUPU5C0TD2SU2LPUHJY2FAF13IVE6WK8DUJAKQGC6LEDKH4J1');

insert into DOMO_USUARIO (USR_ID, TIP_ID, USR_LOGIN, USR_CONTRASENA, USR_ESTADO) values (5, 6, 'X KUK 5M UWWD4OHBEOP', '04M90QAKM P4XWQSUOVUX7D4U6YY53RJUP58SWAMQIP69801STXBL4PLM 81YFVT6G921B3AVE9H  BK', 'G9VLDDAW517MM8LRL5SU');

insert into DOMO_USUARIO (USR_ID, TIP_ID, USR_LOGIN, USR_CONTRASENA, USR_ESTADO) values (9, 8, 'RHLKWYB8H6P4 7JEVOB7', 'UWHM15DOHNN9MDJDOJRMEKFPSMU1EJMQ4VT3GYUA1HNJLW0SVRGQO9HH1QTP0IDDGE9YB84OREPRJ703', '43JOKU141X851P 44C3 ');

insert into DOMO_USUARIO (USR_ID, TIP_ID, USR_LOGIN, USR_CONTRASENA, USR_ESTADO) values (0, 3, 'P5W512FM N3REWJ0IEN9', 'YK731A1K 1RCPNMMIR7EGWPHV ANGLUO05VBVKDCPE3LLUX5QW0GW1PUDH WKJACV7DWXBCL3FF516BY', 'W05FLB5C83C8 4512U99');

insert into DOMO_USUARIO (USR_ID, TIP_ID, USR_LOGIN, USR_CONTRASENA, USR_ESTADO) values (8, 5, 'RFIMP9RQN M4T3I4RS2K', 'BF54 VN71RA1GPQA47OA6R9IUCBHQTGF9M19DROIFFULXU1659QSVE0OF D1O5GECE6NY8G0WN8X1YL0', 'PDJ2E698XOCUOXGWEX80');

insert into DOMO_USUARIO (USR_ID, TIP_ID, USR_LOGIN, USR_CONTRASENA, USR_ESTADO) values (2, 3, '33 04XN6JBSRT87VIWTR', '3G50RTR0N3PT7FY8UNBDQS8XEY05 54P8QVS1OWXF1720G1MKO3O TL66UYJ KV85K4SWT6RFYQEV4L9', '5JRNHEMYIC5V950YJE0R');

insert into DOMO_USUARIO (USR_ID, TIP_ID, USR_LOGIN, USR_CONTRASENA, USR_ESTADO) values (3, 9, '2DYWCAHXDALRX88KQJY2', 'UMLDIR4UV99ME7NYSC8CPD9NQX89UKLE NM98YBQFOXQGOPDX0LM4PH05QQW9 KQ7J1XHQ6 J5W6LUSD', 'X9IQ2YNX0O81QPVK3N1D');

insert into DOMO_USUARIO (USR_ID, TIP_ID, USR_LOGIN, USR_CONTRASENA, USR_ESTADO) values (7, 9, 'M5SS3 FQAF VSAK67 DU', '46IR19KRBR6LQTKDDRR TP97RGA2KO98N5GSOQV5L4NF6L5U8DQV1KOECY2IGAXQOTULIX9W6H8ES2F2', '9ER79SETKCJ4YO722AHF');

insert into DOMO_USUARIO (USR_ID, TIP_ID, USR_LOGIN, USR_CONTRASENA, USR_ESTADO) values (1, 5, 'CX3QDR6221MVVP561IU7', 'B7V C71XDPEGK 6X1T60AQ23090H 12CUM6L2OILOGDTH7XFFDXS3B99VH5IIL7FVQOWY4QNVJ4D3KL2', 'XEVF766L59L50ALW2EGN');

insert into DOMO_USUARIO (USR_ID, TIP_ID, USR_LOGIN, USR_CONTRASENA, USR_ESTADO) values (6, 9, '8GUP33MT3EQH1WCEUVMF', 'AEMK7X998UR6FWLGA8F XXXNEYVSJU69UFVWA 2GEP46 AGYOKIU9LVNFFSPBW6Q3Q97635JH2E2T8IV', 'T6L8Q526 8AQDLY42NRS');

insert into DOMO_USUARIO (USR_ID, TIP_ID, USR_LOGIN, USR_CONTRASENA, USR_ESTADO) values (4, 3, 'SLBYKB68WAB7UNEC1TAK', 'GQ1EGRT1Y96L4VLNV5EW3YLOBKWASF4KTH5GD8KPPGAXYX0JQ8Y6GHXDKKV70O2TO40P20GU8OFY3HID', 'P7D2QCQYTVYCX8ICQHR8');

insert into DOMO_RESTAURANTE (RTR_ID, DIR_ID, TPR_ID, RTR_NOMBRE, RTR_DESCRIPCION, RTR_OPVEGA, RTR_OPVEGE, RTR_DUENONOMBRE, RTR_DUENOAPELLIDO) values (4, 2, 1, '0NWC5WSV50PQE99N5A8TWFLFJXKU EVUPN9I40D4XWGW9GMRAQ', 'UBJ LI1PWW57I9DB TJFBQ2EO GPF8O40LKCG0UWEFKXD IY K9F7ERYSB6AIP0QA1PXALB8T610L2SIHIL8XN3WQE3SYU79K7EH4H0CCXNEOIGF5QF8LKCS XCBQXOLEP212HVRSDFB5V51DDP3EN2 QOT60RAF 71WIV7QPC99Q6XE7L4TQ0DNRHF23NB86EIPVIQA7M00C2AECLDL77MPL4XWEHE8IXM9RQN721DO M2M3K1XGDQVBH0WMMM', true, true, 'C41826DUM61DJCS97L8MMM9QS1CR4W83 LHLMW51', 'ER1SK8LVQR6X9QPLQI52FVV143VWRE6B2CLB 4JG');

insert into DOMO_RESTAURANTE (RTR_ID, DIR_ID, TPR_ID, RTR_NOMBRE,  RTR_DESCRIPCION, RTR_OPVEGA, RTR_OPVEGE, RTR_DUENONOMBRE, RTR_DUENOAPELLIDO) values (2, 8, 6, 'T9A6725TP0VN9QJVMSSBEYUXE N9IF3X62DQOC9 FL4G9AVV3 ', 'H4LFR1HG5SH0KWJJJGSMND7YLQG9JH0HSU5TNK55FGVFBE FA3JHT WW6AX5LX4UP6DNMHP29V33V0NRXC5XSG5OO3V442W0N95PP0O0JF6CEEU354 6739QVV8FG4VOQVAM5L13182GEEBBI3DB0F YF33B8H4YWGQXJRDY71TLLYEQCJRED2NNQRGVBQ6CW5D5O9SLD7HS19X1SDKASU4HYME5WK6S5P6MRYUCKT522J9DN6BV1ORK1302GVS', true, true, 'AQ03H0 U85MJ3VUJJSHX4AOVK1E9X51QS0CC4N4C', 'OG76F3HIM1WSRNE9W1P0M KOKXAWRGPYX0U0YB8Y');

insert into DOMO_RESTAURANTE (RTR_ID, DIR_ID, TPR_ID, RTR_NOMBRE,  RTR_DESCRIPCION, RTR_OPVEGA, RTR_OPVEGE, RTR_DUENONOMBRE, RTR_DUENOAPELLIDO) values (5, 1, 5, 'AJ PECQQO3B07008PBVA3X4JUF1NJJD953F7JLYLXF N FVIFP', 'L0J4N4WR2NKYA9AC9O8GT5OIEP5GHPN4HHP9FH96X9T18I3KN9FJUG5TVJJW3O4XLG N0TDAJSLLM PXUOB5GJHNCRLKKPKFIHQCFCRWYFLT142YMW4V3CAIIIBMHBIE410GKN37L65  N8M4QPC50AGHMCDAFM4U8H49H639R7CWKFJWRM8U D1UR14B5PFE3KK8YYU7QG8351RYB27E0KCIBD6WYOOYC8Y3HKC3E7 S0MYMJU0W342TJYW6IP', true, true, 'DWX5B9RYVL00RFP9AAJ7HP0GRACC4LAP WA892IK', 'IV4C69YN9RK00IPY2GNAWJA76V3GWCA7Q3MC7KB7');

insert into DOMO_RESTAURANTE (RTR_ID, DIR_ID, TPR_ID, RTR_NOMBRE,  RTR_DESCRIPCION, RTR_OPVEGA, RTR_OPVEGE, RTR_DUENONOMBRE, RTR_DUENOAPELLIDO) values (3, 5, 0, 'NJX2R QOJ20P8HXM5J46VG1PJK2KRYHCVOAXYIBXUP3D 0WDJS', '9QMHGEEKJ67ILOVBEK6GXFV 0XOR3CKPET77MKA 1K4R0GFKGLN5XY4R1TO8LLGJU8SO46C4NNKK9YYD8FSEXI LDJUW7C54JEE85XTH6EW60HR7IWJIACY56W3D9 OM8F 47NIY5GHN6KLXXDXNNV4JCDAAA3LLF2MI BPVW2P0YTTVWY  UM0BM1D24E02EOBGL19WI628U19OKBTH3CSCHOA3XQIF7C7YB4L6WD 3M7AGWVH4VV1Y8P1N369', true, true, '7H8KPPKTRKI S86VEA7X35V11KM60FX6HT4RKAQ6', 'LCEA Y1077XVCOM8JSV8D29R8940A9I TCXVO49V');

insert into DOMO_RESTAURANTE (RTR_ID, DIR_ID, TPR_ID, RTR_NOMBRE,  RTR_DESCRIPCION, RTR_OPVEGA, RTR_OPVEGE, RTR_DUENONOMBRE, RTR_DUENOAPELLIDO) values (1, 4, 5, 'FPRLD 1WBYA5KCH62AQ5VL0NSNII691TW0JQ3YKNYCLX7HFED ', 'GOREVQ1J9PX BAFVQMO5QV80XW7MXAWYDHA11SDL2EQML6XEDAD016NBCCV40I9RS0YB3LVPY6CGFY6VR6D7P1EAS65MW QHQHFGOLGDM3 1AGRTKDM0921M6S27I80CMT2OAJ7M9WI3KVD9XQTO746MVDB0O3V6ASVBBFD1E7H6GMXREWAIVCM5OW892NBB XFM4JAP1B227IHFWA TK6DJO4V5CAHMBK3YXHJ8JF3GUH8WS5J FCHPJJVW1MM', true, true, '7JMSED2UD5RNQIJL0RP1LD5P6GGH3E27D70KXKFD', '4Y6S51GAO QQKB 6FB19 1VBDLPHBRHQJT9QBRPO');

insert into DOMO_RESTAURANTE (RTR_ID, DIR_ID, TPR_ID, RTR_NOMBRE,  RTR_DESCRIPCION, RTR_OPVEGA, RTR_OPVEGE, RTR_DUENONOMBRE, RTR_DUENOAPELLIDO) values (7, 4, 1, 'R9GP3VET54OY5HA1JY726QEL9OO7QMK26NX 88KCUD1MBHOWPR', 'HDSSOU1TTOF32DVJCTE8CKSB26HLSKN6UMH68WEY4M07QO9YG5V1D U7J00 4AJR7VBI12Y D O89KG3GD3JHK0TOT1P8FS4HGPOI7D2AQNNHPOT3EE 645VFT61H78590VB82OI7A0KAR94POWBYDD9DLWX9LVXKMUNOA4SWHKSL8 42XG2DW22L6D00N3O0SEJEG7KRHWQCIS5JESG09YGPYMJ67HROE2L01SMLYGIIYYM0OCEGWYUUSFF90 ', true, true, 'YBQORS8SWP1J4VJ8BMV801MXI2JUY98MYSMUY067', 'JE423R61H2OB59UOSBU8UQ4RXQCXWRYUAI0FVGQ9');

insert into DOMO_RESTAURANTE (RTR_ID, DIR_ID, TPR_ID, RTR_NOMBRE,  RTR_DESCRIPCION, RTR_OPVEGA, RTR_OPVEGE, RTR_DUENONOMBRE, RTR_DUENOAPELLIDO) values (6, 2, 6, 'DB21GQH3 ID1EPMJXTLK5T 6Q75IEVG27DD82X C17FQTADIT6', 'Q9Q804GYWVWCU2S06XQDFC3APOWB8STR9WK1MFY2HHQJ535SL60UPD5JSEWO8A698CXC JRTOYCRHN2FS9BL475HVRULACMALSEV98Y5V8YIKTJAT8V75M86017 XLJUJ2V398K9MV74SQE1XKA1YCA1A0TIEN88DFP9JBHOPY6M5KFNIDM8E67O10YNI8X1JQMD6AJ7Y1CWCI9C58CPWYR0RW9NT1R6QDRB00GWG9JKQSJMIA86MJNB03UIGRQ', true, true, '73X2QSTYEXQ537SFGXYT4RUWLVNN11VK0YEMLUVB', 'I5YWPX4KV81E8S0T2CEAU4M9U23F9 ONVATQJRSD');

insert into DOMO_RESTAURANTE (RTR_ID, DIR_ID, TPR_ID, RTR_NOMBRE,  RTR_DESCRIPCION, RTR_OPVEGA, RTR_OPVEGE, RTR_DUENONOMBRE, RTR_DUENOAPELLIDO) values (0, 0, 8, 'CIC0KXYA530DT6XNB1LJYYFN Q294MURPQJU3BR1 OFY8TN33Y', 'RO8OMHCV3DB12AMOBG7L4BSF0MH53A8U9BPBPQ7CF2CKKOC3G172THNLXHI4YR8VCST3PJHAU2371794GD QA61L2P7 G1KL2B0PLA72I0SFAUPWXUT2F7 NSI2GSW5OPACD22BXWQ95U82LSXGXSWH1PC5OTTTNSBDOMNV2R8RN0MQ689ALSEKVQP04CVK0525LJFYI5M6PX 7MRM4SMEB51DRQSUA5YHBJXFL9E6VEFUWP40CL7AUS252UG41', true, true, 'P9YLK35LDBI25GXUTTMNX375QGJTGV34 VE59P0V', 'Q7TL1VUY31 PODMEUDVS5YI1JX2MFPB1U6KX7I9I');

insert into DOMO_RESTAURANTE (RTR_ID, DIR_ID, TPR_ID, RTR_NOMBRE,  RTR_DESCRIPCION, RTR_OPVEGA, RTR_OPVEGE, RTR_DUENONOMBRE, RTR_DUENOAPELLIDO) values (9, 3, 2, 'L18VJV5XNB69XXXOIDLJXD7MUDS49E0HY32GKM24FABBVNAT8T', 'BLJ0ALEY73DR97JC6EHVIA3AOK434EURPRGX16N754TA8QW3PVC6HEITILEJSHPLFEKAG29HQM9EN7JOS617RUWLYEEMBA3JGSDSHIV1M2MM8MMPX73H4O9XKLK5P81RPFKRMEU496YY6U2UG491OS90T1KEAIAE05W OK5 4YH 1DEPNDGGYT761W76U26M22ETVIFYHPNTQLR0NPPTW63QJLFWIOPMII53VJ0DMYX2PM1HL38SW2J1IUEEVUJ', true, true, 'I4EI3747S8TC3M4K1VE4DO1IS1M HT6TE4B71A9A', '6I9VQX1AG1L0ITYCXYB25MFN4IG7N5702U92B284');

insert into DOMO_RESTAURANTE (RTR_ID, DIR_ID, TPR_ID, RTR_NOMBRE,  RTR_DESCRIPCION, RTR_OPVEGA, RTR_OPVEGE, RTR_DUENONOMBRE, RTR_DUENOAPELLIDO) values (8, 5, 2, 'N40SJ7PJ1NCWC SIAGH7W2G3WY6K3E MB1DHMKPH3ADIEPK892', 'OV5H8PQTMLL2VOFQVFWEINITH LC4XV10LXS5U0I2IQVYUNYY1NPOB8WH 6P11U6  2PB51B6ATEISSKK88UJITDIF34M1OKVC1XRW77FRISBJ40IQRMU6LH0389W2YI2TOFYRSP9QSDMHOEQ4O1WON6JPO2DS6  F09YSQ49TXM9EAJ4WO8HUWYLVTM66IK07DMEJVB MF6KKJULJRJ T 4S3C2XOYJMYEVDURU L6TFJTF6C5C98FIPV8UP3B', true, true, ' RBDONH3283YS34QNGUNQ4PSDOBBX8Q3PR6O6VEK', 'G6B57 4M1NX6L83G3 FUB4V3 KP9Q0V738V ASB5');

insert into DOMO_AFORO (AFO_ID, RTR_ID, AFO_CAPACIDADMAX, AFO_CAPACIDADACTUAL) values (3, 4, 4, 9);

insert into DOMO_AFORO (AFO_ID, RTR_ID, AFO_CAPACIDADMAX, AFO_CAPACIDADACTUAL) values (9, 1, 1, 6);

insert into DOMO_AFORO (AFO_ID, RTR_ID, AFO_CAPACIDADMAX, AFO_CAPACIDADACTUAL) values (0, 5, 8, 7);

insert into DOMO_AFORO (AFO_ID, RTR_ID, AFO_CAPACIDADMAX, AFO_CAPACIDADACTUAL) values (2, 6, 2, 4);

insert into DOMO_AFORO (AFO_ID, RTR_ID, AFO_CAPACIDADMAX, AFO_CAPACIDADACTUAL) values (6, 7, 6, 3);

insert into DOMO_AFORO (AFO_ID, RTR_ID, AFO_CAPACIDADMAX, AFO_CAPACIDADACTUAL) values (7, 1, 7, 0);

insert into DOMO_AFORO (AFO_ID, RTR_ID, AFO_CAPACIDADMAX, AFO_CAPACIDADACTUAL) values (1, 5, 3, 8);

insert into DOMO_AFORO (AFO_ID, RTR_ID, AFO_CAPACIDADMAX, AFO_CAPACIDADACTUAL) values (4, 7, 9, 2);

insert into DOMO_AFORO (AFO_ID, RTR_ID, AFO_CAPACIDADMAX, AFO_CAPACIDADACTUAL) values (5, 2, 0, 5);

insert into DOMO_AFORO (AFO_ID, RTR_ID, AFO_CAPACIDADMAX, AFO_CAPACIDADACTUAL) values (8, 3, 5, 1);

insert into DOMO_HORARIO (HOR_ID, RTR_ID, HOR_DIAINICIO, HOR_DIATERMINO, HOR_HORAINICIO, HOR_HORATERMINO, HOR_NOMBRE, HOR_ACTIVO) values (0, 2, 7, 3, '3:17:51', '5:32:22', 'C313M9FSGVYCU6E96XIT', false);

insert into DOMO_HORARIO (HOR_ID, RTR_ID, HOR_DIAINICIO, HOR_DIATERMINO, HOR_HORAINICIO, HOR_HORATERMINO, HOR_NOMBRE, HOR_ACTIVO) values (6, 1, 3, 0, '8:47:53', '6:56:22', 'UWKQ9LIPHT0NJRQEIUPP', false);

insert into DOMO_HORARIO (HOR_ID, RTR_ID, HOR_DIAINICIO, HOR_DIATERMINO, HOR_HORAINICIO, HOR_HORATERMINO, HOR_NOMBRE, HOR_ACTIVO) values (1, 0, 9, 8, '11:59:44', '2:32:31', 'P2E14EQL LUHY2CI DB2', false);

insert into DOMO_HORARIO (HOR_ID, RTR_ID, HOR_DIAINICIO, HOR_DIATERMINO, HOR_HORAINICIO, HOR_HORATERMINO, HOR_NOMBRE, HOR_ACTIVO) values (3, 3, 4, 2, '0:0:0', '0:0:0', 'USFYPETWXNUKQ87TUH26', false);

insert into DOMO_HORARIO (HOR_ID, RTR_ID, HOR_DIAINICIO, HOR_DIATERMINO, HOR_HORAINICIO, HOR_HORATERMINO, HOR_NOMBRE, HOR_ACTIVO) values (2, 2, 5, 5, '6:58:46', '12:16:6', '9C8W0TYUP1WP3RGC0VU4', false);

insert into DOMO_HORARIO (HOR_ID, RTR_ID, HOR_DIAINICIO, HOR_DIATERMINO, HOR_HORAINICIO, HOR_HORATERMINO, HOR_NOMBRE, HOR_ACTIVO) values (9, 3, 6, 7, '10:5:53', '8:33:11', 'G5M5D0QQYQPEWT5XMME4', false);

insert into DOMO_HORARIO (HOR_ID, RTR_ID, HOR_DIAINICIO, HOR_DIATERMINO, HOR_HORAINICIO, HOR_HORATERMINO, HOR_NOMBRE, HOR_ACTIVO) values (8, 6, 8, 9, '15:5:44', '11:1:45', 'JD4JRJ0A1H5ARQ6F1E7K', false);

insert into DOMO_HORARIO (HOR_ID, RTR_ID, HOR_DIAINICIO, HOR_DIATERMINO, HOR_HORAINICIO, HOR_HORATERMINO, HOR_NOMBRE, HOR_ACTIVO) values (7, 1, 1, 6, '1:38:2', '14:26:41', 'GE6YBYU4GRUV8MH5CTAJ', false);

insert into DOMO_HORARIO (HOR_ID, RTR_ID, HOR_DIAINICIO, HOR_DIATERMINO, HOR_HORAINICIO, HOR_HORATERMINO, HOR_NOMBRE, HOR_ACTIVO) values (5, 3, 0, 4, '13:48:48', '3:47:40', '1 W9FPVIPVIPFNBJH7AN', false);

insert into DOMO_HORARIO (HOR_ID, RTR_ID, HOR_DIAINICIO, HOR_DIATERMINO, HOR_HORAINICIO, HOR_HORATERMINO, HOR_NOMBRE, HOR_ACTIVO) values (4, 0, 2, 1, '6:0:29', '1:0:31', '4JVSWFDRE7QWOEYJ88DM', false);

insert into DOMO_MESA (MSA_ID, RTR_ID, MSA_NUMERO, MSA_CAPACIDAD, MSA_DESCRIPCION) values (8, 0, 7, 9, 'CRK6151D1LUTUSWE0FNPBN7W2PFPQOO69YMGG6T3HVC9W6CDNJLAYN7MNT7TAWFVVTDN65ER8HVOV7UG0DQEOBF 7KQSQ00GJKF778EK3DRBBEY9JWDCUTKA26K9F3G4RWS98NHY 2Q6GC5NTL97HE63OEONFAOG75WTKN5MYKY16PSTKJHU8COBQJD3FOH9O4KM7JSL8H0I0447OALWEXH20FGMTHKL4328TLQ57VVX3BBJ6XKSYHTRIF3WJXL');

insert into DOMO_MESA (MSA_ID, RTR_ID, MSA_NUMERO, MSA_CAPACIDAD, MSA_DESCRIPCION) values (7, 2, 5, 1, 'LEWBLQOYP8VXTKN4TUHBLRTQ1VNX1GXL KE2BW7K4VXIXHWA HYM2I8RSE478KAG VG XD4 XI1MDK0OXFSEJQPB1EBL4FV2BG2DPHTFX98C482DNYATV67N9O7JNEW37R 70DX6BJEH5RDMMQOOXI25HDG4UQUCHQQ476CRWA3EGDKUYVUEL9SE84M3QLGUFMODQXAS1QQ636JK6XJ3SW94MWYTC1ROW7WX1I83JLHJ68GJFR7KHUK692JDT33');

insert into DOMO_MESA (MSA_ID, RTR_ID, MSA_NUMERO, MSA_CAPACIDAD, MSA_DESCRIPCION) values (3, 0, 4, 7, '69LACKSYLTYAWQFSLBQ67OC5LBG8G8L1RGAJWUIIFRCX9YMAS2KG2DLOKG9NGQCI2V81GE97UTNWB0KYACEXXMO4HW36CK2NSHR1MSMNA 7HF3V4GER65HMQSD 1VWBWWUNLMN1QBSQSLF4CQ MNS5A165C6A M0HX1G9KVNO7COH9RHTFCHJOJVF20DN3EYPCG757EUAVKRFX7QHINNRB29JF85LKY105V6EAS05UEHDQNHQNRXH7ION4OUEPJ');

insert into DOMO_MESA (MSA_ID, RTR_ID, MSA_NUMERO, MSA_CAPACIDAD, MSA_DESCRIPCION) values (5, 0, 2, 4, 'TW0PKWI37HS42Y0CGNO6TCNEO0JBI1XA541P75OCQOVIHH7BNJ2YMOV5A3MP14M76GY1VAID58RRIVOMBTRGGH74NHTM4X69B  B04U1ATPEORW3018G5E KBW5E6D4B9TUJV4K0C9GECDDLL0I6DQJN1A3OF2X4YBU2JFIVPJA5MMLS6L47LEAEVPQJU74BPYSRSSL72U2GD33B5V6J 0OT7ENI9Q9I0C1U8OTDFF4HA0GQ609NJU4SMO F86Y');

insert into DOMO_MESA (MSA_ID, RTR_ID, MSA_NUMERO, MSA_CAPACIDAD, MSA_DESCRIPCION) values (2, 7, 9, 2, '5PAGVA52R2RBTT8AE8FJB1U4114CN3RSMVQFX3 EJHF3I8B8PKMNS2J8BNFYU CG8XSXFMKUWK9DXIG VPBTPY7 7WFH4TFM6IQE7KYHUD4OWHH71FAS4SPY6J471980JKXVIGVDDB4YOPXMATKTFILRNNOWISJDCC0U0MPOB3HSUJX0KAAPJS21XHEUUOVGICOEQ2HKGLM9G5B7QFSSP3 I9ORWSXE3TBS56PV7F31X GLYK7HWLNUTR2DFHEV');

insert into DOMO_MESA (MSA_ID, RTR_ID, MSA_NUMERO, MSA_CAPACIDAD, MSA_DESCRIPCION) values (4, 3, 0, 0, '41DF7747TV3I 76U6RT1H9HUQFT2BINSGSUR73SIP8FT1FRVQVQ7E7FT19EQ1S28XLD6CIVF3W41ABI4JFRX5B27J1HHHQU0IXU6DKC9B6JCIWGPKTYAPVR61J3L71VI54IEIQ 0Q9C1XPGDSBMIKKOIFGIF7YWVVGSOKXB9QAGMCJ3I76E1SJPOKAAL10FSP1G THOBP92P2RR8VI6D AMSFJAST7ROO0KH426242N5Y0N8VA5A7PVKYKLV4 W');

insert into DOMO_MESA (MSA_ID, RTR_ID, MSA_NUMERO, MSA_CAPACIDAD, MSA_DESCRIPCION) values (1, 4, 1, 3, 'KWBGGWUP6FL VFEQWAIRM55RH4OOX42R7HUNC BWU5I4 BFPAA QEYBCKY153IPYXLD4QVF8 TJER51410G4SCDFLIR1RGJURFMYFIIY6 5ELVI9KOJ85KUOXVTKERJPE65NAEB0M9T04 K8UIUM CPHM559ON5F63IWFL 969XF2KDVJSS6X0A DIKXFY7S1H3Q2M39EOQ2A4FTYSS1SDD7K3QOL0XDPM8FLLMBG6EPUTPI3T2NJS3V54CWBO ');

insert into DOMO_MESA (MSA_ID, RTR_ID, MSA_NUMERO, MSA_CAPACIDAD, MSA_DESCRIPCION) values (0, 0, 8, 6, 'FEU5KI5WM7I0C 9I5KATPA72IUVW7UDF35KY KFQ34EK90LMQOJ57AY8E KUKO P7J5QSL4AEENX1GK70C01E130OJIH6D1OHU1EGMG61T3VK1DTJ64DV2075425KPHMB PSNS6D8UJ6YJRGOGFYG4SYJ2LWHKU7YKOPBFLA3MWEMY2GI2DJ84YX9AGW016IDSFSR0HREW229F1MXLIPN5L3HF31HA31ELJLH66YR40LWA46M9FYCCAW9P07JRP');

insert into DOMO_MESA (MSA_ID, RTR_ID, MSA_NUMERO, MSA_CAPACIDAD, MSA_DESCRIPCION) values (9, 7, 6, 8, 'OKIMMCPLIJEOBSY4O0XRSA576B3M82 NQ7RA9EL5GYH2GF1H4E53HR21495IQ8L4WI75R2WQ8XR96PC5YR44A7RYDD46DJHTABDYD VUO7AAIORM WPKEI3O0UU9LRM GDEE53 H19T8FSDVFED4TP1JGIWBUU7E93674NQ6 EO9RNFGXMAKI6QAK3I1E6ID3S5675X JQWJBABGHQBPDLJ8M2H3IB1QPGI37DEI6278PUKHKMVC5UVA9ME6A5E');

insert into DOMO_MESA (MSA_ID, RTR_ID, MSA_NUMERO, MSA_CAPACIDAD, MSA_DESCRIPCION) values (6, 9, 3, 5, 'V6X0UVE6VS2XKKXXM005CJ5DULUC0RUEN3S59TKIQM51SC97L2DVL40TR2I8EWSYIFG1ALIQBEH78GYHKF0J1E74KK7H5HR5GI0FTN5C963R66DV94Y7KRSD7FC82BQ9X4HRTCN0WGPNYP5RYN1N8I2U7B0B01YP GI4BWJJY5UH 66KFVVA0UOWLC66X81053O9BIKYSLWKOMP003U7YXI4 1KXOBTYJ 7JW8QD7FXTGW7TJ 424QR8HANA9PE');

insert into DOMO_CARTA (CAR_ID, RTR_ID, CAR_NOMBRE, CAR_URL, CAR_ACTIVA) values (7, 4, 'K0YV6UORW N89KAJ04K9', 'WOGRPO8OY4RH GRXQDY7GIWLGMMP1MQ5S 5MH74VHKOD429Y1XECOVL9WGW1C3KI74GOUQRC8YUCMKYUG6W2D5GO7XE3B8E 1K 8YXESHOAGQM42VN5A091E7WUYXECD7TNUJX HL1FT5ASO8P84LGRIO59VNDD3P7O5W7AFV8VS52TGJNHSLGQUJ9W8JB78H IYRNU7QDJVISRTRQJP2DWTOVBM4TCIMBXAFK03KHNOJR3T029EMO L', false);

insert into DOMO_CARTA (CAR_ID, RTR_ID, CAR_NOMBRE, CAR_URL, CAR_ACTIVA) values (3, 6, 'KJCVHQL1M BE0WXOHBJY', '0EEQIV2D5BY9TPT3THN13OX7AMUMCCGVH98IAVFT6WW5858PY6CWLM8BRER8VNM33O8WNLBKT DEMGV9HCRCX4R8J6P9EDJDVW358AB08CANEJ7MYL8OI31NTQRUMM1EV0RLAJU5LORNKRGCXGDADTBWRP7ESXQK5 JQJD4O3L9ALUMN0F2S02Q LMMCN91XVQV8883X1LHNJYJFTVHWGW5KM0WDHY4642NV8WIVO4HYXNQ7002J9X5Y', false);

insert into DOMO_CARTA (CAR_ID, RTR_ID, CAR_NOMBRE, CAR_URL, CAR_ACTIVA) values (5, 2, '9XHOSN2CQUYULPMLU0H2', '46595TYP4QXOUOX5AGJMWVK5A1KPK185EET00YAH2C2QX6M49T662174D0 N LJSUWLQY0M76ERCWFQOYDABKVJM1YMPOD34UQIODWB6REXXOX5GR60V3M9R1R2FCIO4RWTA91EE3MS3QJGR44QVWTWF765F8KTD4A2638SJICUL2H6HI35HOHN0EX1L2JU5CP31VO4TDQVC7IH7FU91S0LOHN5W6SVC V1T5YT83UXF6ME7D0B0Y8J7', false);

insert into DOMO_CARTA (CAR_ID, RTR_ID, CAR_NOMBRE, CAR_URL, CAR_ACTIVA) values (1, 0, 'NJMV1O6HGT6664QCQSIE', 'EU6GC4SJKE9K133E3NC0KDPCX7T0MC301X3LYPAYOTGH3I KT0SIJMY6OWMUKYN7E77SV4TGXKLXH07OSQ4FPPIX9GUH94DJIY0LJFMLXYWGWVC9HHKI99HGA6T0M98EDADTV0PLD8WQJPRLGVJJXHTAI98O57WU39DDCOV8YKEL3JJJCDUKXU5LKS1XS8YLQUEB NP3E0I1WTLNPEHQ09079SGA3YN2FV5YBKKAHHK7PFM47ASCK4MN', false);

insert into DOMO_CARTA (CAR_ID, RTR_ID, CAR_NOMBRE, CAR_URL, CAR_ACTIVA) values (2, 2, ' AEKXPB5E7VVQ 7BJYDE', 'D60J5G18C4KLFGMN W7FUM2UJ9BVC300ORGIK71SO9WUXRROQ0E4726AEE YRE0419VBE183NVMEXCPGLIB 5U NISWDPI7GBCM3DA15JFK34FXTG HPMFBQNBK1MF 4FIB7NLPLLCS OPQ68WNA2OQ1MVM3FIIWA8W6X25Q5WN7C85MVPVRGXLPA65SOJP6WUJOI76KKAS4CH YDNHECU3JHVCHCOA27MQI5WBO7N57ICWJQY4MQK5Y', false);

insert into DOMO_CARTA (CAR_ID, RTR_ID, CAR_NOMBRE, CAR_URL, CAR_ACTIVA) values (6, 4, 'X5I085TC61UA5EAP216H', 'REV0BCR10RJBLWXC822S RHA6LQ060S3H6 RITCN 4C6DK0 423 K5FUJ98S4BHANIPSUB1PKUF59FNH0PP0OWHB7RR34OA8BH40PNL2H3J21J PFFPVJJEVY76B6CRKK1MH60M7EXSXYDV70P2PX KBGMS1TY6PL0VHS2HB5BJVSQ06ES4V6KB7KV1 4LMOH7UDKTB7H3G8WWVHAXHT31NN1UR1POX5H9QP5Q1B93FG5KPND9062JDG', false);

insert into DOMO_CARTA (CAR_ID, RTR_ID, CAR_NOMBRE, CAR_URL, CAR_ACTIVA) values (9, 7, 'RWA25KQ6G2IR9F8O KFV', 'Q7 9N4QHRS47OMDUAXO5WSJTESVQ M42JL3TM6HNN8QQSSSJI8Q3316U4GGEA87MBLP2UJCCD1PAPVKUSGC86877D4JBXQUW1MQK AAT9GC15XQV41JN6M 0YI4PEW AO1EXCY44OPBCCG5CHAOLJYO3QBFYRWAX724 OEDS VJN5AFQVDDGCA8WM32PICAINXPPBYC6M18NTRY2CFJT75CIJAULR7BF2N6A3B5501V49JV2YICC6HIQ', false);

insert into DOMO_CARTA (CAR_ID, RTR_ID, CAR_NOMBRE, CAR_URL, CAR_ACTIVA) values (0, 5, 'RT2AQ27L8MS4GKJGUWJI', 'G9XJ5VCSL8UYDMODMR60TQ74TH8XXL XBCPLS5B9AJB53EL1YX9FETM939YMN7V87PVWE8S7CDHJNKC2L6FNIRP7XJJK0H B5FDU5R7OXFIU2I5112942TOAIYA49XYN7IGVUQQBABT SW15X1ODMQPJ43RS6I67IVOQPLDHMI50WYT9WFU66NLKYEV71LTP8BT5J5V59GI7X70XKJ7EB30QD9R6OYUIIK05PNQ HH6W M0COJH560D ', false);

insert into DOMO_CARTA (CAR_ID, RTR_ID, CAR_NOMBRE, CAR_URL, CAR_ACTIVA) values (8, 0, 'C8HJVT4USHU39 JPMJ66', 'OXTOHP1NK9LU2QB9MSQNOKYBXHQKCRV 7LSTBHWSMW9I1HP 2I166TRD3D7001J CCMVM7Q80YWLIBRP8P7B7K3NX3I2V33YJ5N9CBN YQRP 45RIBN2XFGY9GHC4F3H8YEMYLHOUJCKF6B1E63M4C4SY5APK0WUWIONH7WL0GE3E4H4F2GA1R48WSC4HAMX2KN8GTDPUM1DW2NA1M2JKH93YVBRPY4B9QOH0D1MTYKMKHLEVGE0 P6S', false);

insert into DOMO_CARTA (CAR_ID, RTR_ID, CAR_NOMBRE, CAR_URL, CAR_ACTIVA) values (4, 5, 'L Q1F18SR6HSTQWBSJI3', '4U8VJA482IHLPCYKCCM6IAW0H0AI618FC1CYWT0J2DYWPIWIYK3MCRXCIOVYKKLRMO6M7L3TXME N5E04B7MAMR9KQIH3N860VLME0C7BHBHSVSAF7D11 BAEEUC76VQKQOVYVLKX5I8UQ79GPEUUCBLORUYXE06E6THVFEGIO2925KFT898GN705UPVSYXUM1PNQ95 S CP90I143BH8991MJ UUWQSF59SKHY LY VRKJX4I53YUIT', false);

insert into DOMO_ENCARGADORTR (USR_ID, RTR_ID, ENC_ID, ENC_NOMBRE, ENC_APELLIDO) values (5, 9, 7, 'O8E50AUNC 0DGSO54QOPSGE6X5GASEJYOWOI631L', 'HF56D0SS301AL095RR7RB9OY5W42F7K6 49T68D2');

insert into DOMO_ENCARGADORTR (USR_ID, RTR_ID, ENC_ID, ENC_NOMBRE, ENC_APELLIDO) values (2, 7, 1, '4EHIY6SHSOCDW2CA5CYVAULHPV 0N0VOCL0TNTUC', 'RC88AHNP5U1N1KB0S9EAJO6M3Y9U6EG15AEN15CQ');

insert into DOMO_ENCARGADORTR (USR_ID, RTR_ID, ENC_ID, ENC_NOMBRE, ENC_APELLIDO) values (1, 4, 8, 'G JLM8 PR8J0HFS597HJ5KQIWD2IOV2YXK4NTPW1', 'YA5FODYQF1BPQ 7SXO3V YUAL18VA0LPWY9DOFIN');

insert into DOMO_ENCARGADORTR (USR_ID, RTR_ID, ENC_ID, ENC_NOMBRE, ENC_APELLIDO) values (7, 4, 3, 'KOCJ9LSA4KRSAHB0Y1FRE 01P2H4XW7ROVXS6O55', 'VDU917UBKRIDVEY1U3S8V P02PPEJVDEMAY81NTU');

insert into DOMO_ENCARGADORTR (USR_ID, RTR_ID, ENC_ID, ENC_NOMBRE, ENC_APELLIDO) values (7, 6, 0, 'BHWJ8815M3UE8MJS3TSJM6 VCC QFB3D8VHJY0KE', 'WJWLHN76IK960O INW3PGAW7K22HHT6A3YJORTVH');

insert into DOMO_ENCARGADORTR (USR_ID, RTR_ID, ENC_ID, ENC_NOMBRE, ENC_APELLIDO) values (2, 2, 6, 'U3S6BTWROBTV8MB93QTTYWVFNTIY8PG3RRD8G7CF', 'DJXA2A54PKCOWM1AJI2MTTYXFG995RKDEE EUSPK');

insert into DOMO_ENCARGADORTR (USR_ID, RTR_ID, ENC_ID, ENC_NOMBRE, ENC_APELLIDO) values (0, 0, 4, 'C7WG0VERQU7VKCQQJJJCOTFIT032C3667AU2VCC2', '593K81F MKAO4E41GOICX1 5TM3QWQ6K5MI4MFOM');

insert into DOMO_ENCARGADORTR (USR_ID, RTR_ID, ENC_ID, ENC_NOMBRE, ENC_APELLIDO) values (0, 2, 2, 'COH5RD1M7FNNLK4TRW3MDHP8QJ UL0FUBCJAU83C', '7BR4FXQR0D7C3VP36WGWKC4P7KBFYBICY2WQFJT4');

insert into DOMO_ENCARGADORTR (USR_ID, RTR_ID, ENC_ID, ENC_NOMBRE, ENC_APELLIDO) values (7, 1, 9, '60I96RB3MM0AQ BSL29EOKUKA5SBYWA D 9YAYQC', '6HV1F2IC94TYYJ3G11R1WVNBT6PSMVI2D2GPJ53X');

insert into DOMO_ENCARGADORTR (USR_ID, RTR_ID, ENC_ID, ENC_NOMBRE, ENC_APELLIDO) values (0, 9, 5, 'NI RGWDYT63PGCVQ8H4QX  LV8KWO85GH4Q9A6AP', '58FD TQ9P8LUYYTH19QYBDXH9CKXS97U8D20BFNF');

insert into DOMO_CLIENTE (CLI_ID, USR_ID, DIR_ID, CLI_NOMBRE, CLI_APELLIDO, CLI_TIPO) values (1, 6, 7, ' IXQPDS9WGB8EC E4YMKT W1U3NQXMKH3Q8Q92IS', '7VEDTO3T5ETNB453THUGUL2LI 8TQFODF84XN8M6', '2');

insert into DOMO_CLIENTE (CLI_ID, USR_ID, DIR_ID, CLI_NOMBRE, CLI_APELLIDO, CLI_TIPO) values (2, 0, 4, '0C22F11MHCNXPATRT1GVTJJ4I9 9PPOG7K97N29L', '9C0630U R5N 81AXMVH5S8K5GASUU3YXPKB88JFU', '3');

insert into DOMO_CLIENTE (CLI_ID, USR_ID, DIR_ID, CLI_NOMBRE, CLI_APELLIDO, CLI_TIPO) values (6, 5, 0, 'P26A9X3K7W3PRSSYJEL9FD09NRAQX3 M3CR529U9', 'WSMSH1O3 131EMIYO2G8HC4C1Q0DJIQF7WH CD7N', '4');

insert into DOMO_CLIENTE (CLI_ID, USR_ID, DIR_ID, CLI_NOMBRE, CLI_APELLIDO, CLI_TIPO) values (7, 6, 6, 'RMSFGEXI9 YI7YSJQW3BXQPU08OGS4T7J5TQ6YJF', '42FIONQEHKGA5IUASGM6D5C7KX7W88ITLI7S8Q9P', '5');

insert into DOMO_CLIENTE (CLI_ID, USR_ID, DIR_ID, CLI_NOMBRE, CLI_APELLIDO, CLI_TIPO) values (4, 5, 3, 'C QMV5Q9EPEM5YTXQ158CW BW6L66CNWM2JUFL 0', 'CNDDXERBL5 HM1O90610180H1RE97OUVR262IE5N', '6');

insert into DOMO_CLIENTE (CLI_ID, USR_ID, DIR_ID, CLI_NOMBRE, CLI_APELLIDO, CLI_TIPO) values (9, 6, 6, 'DI2UNPG18MRF2VR3S5 JKJKA4BFDQ0MP37MQ8NUX', '0977O9UCHWJV4C05276G9P2E9K001666R0NGG8UT', '7');

insert into DOMO_CLIENTE (CLI_ID, USR_ID, DIR_ID, CLI_NOMBRE, CLI_APELLIDO, CLI_TIPO) values (0, 2, 1, 'NYOS1XNA5G2MXYCOXNOG7HIX1MT8CWWX2 D5WFXB', '28IBG I2D141MH8KDOD28URDHO HHRETT847J 91', '8');

insert into DOMO_CLIENTE (CLI_ID, USR_ID, DIR_ID, CLI_NOMBRE, CLI_APELLIDO, CLI_TIPO) values (3, 0, 6, ' DAJFDTS61XKPLD PINIUYD5NKKKT2NAB2BFQ0LY', 'MG1T 1H8PY09DXKFWA6QQ50 TUPNCKXLLH UNTPY', ' ');

insert into DOMO_CLIENTE (CLI_ID, USR_ID, DIR_ID, CLI_NOMBRE, CLI_APELLIDO, CLI_TIPO) values (5, 0, 4, '071AO9MPNHJS8QS8IFB8I0OW6O4M3G57MU6E3THQ', 'QQMGFSHLKATUBP3WMFTYO6BN0B98A10D5IBGX8MC', '0');

insert into DOMO_CLIENTE (CLI_ID, USR_ID, DIR_ID, CLI_NOMBRE, CLI_APELLIDO, CLI_TIPO) values (8, 7, 8, 'E40IFKGJV8WG7SLJO5XO7RM99MTSG0 7LV 8 5F2', 'Y1LCRO7PD0SATQ4AW0TENGA186S80BY54N74QNGN', '1');

insert into DOMO_RESERVA (RSV_ID, MSA_ID, TPG_ID, CLI_ID, RSV_HORA, RSV_FECHA, RSV_ESTADO, RSV_FECHADEREGISTRO) values (8, 1, 4, 1, '6:41:36', '660-8-11', '6JRPX7RTD58U13VRQ1QOMQCAQV03S ', '1425-3-9');

insert into DOMO_RESERVA (RSV_ID, MSA_ID, TPG_ID, CLI_ID, RSV_HORA, RSV_FECHA, RSV_ESTADO, RSV_FECHADEREGISTRO) values (4, 4, 2, 5, '3:30:5', '1057-12-18', '8RA07WV0 IGU3UO TR LKRL93G6U0 ', '1056-10-2');

insert into DOMO_RESERVA (RSV_ID, MSA_ID, TPG_ID, CLI_ID, RSV_HORA, RSV_FECHA, RSV_ESTADO, RSV_FECHADEREGISTRO) values (3, 2, 6, 7, '1:42:22', '1-1-1', '25SKXN H3DE1SDWTY4GF2YYAVTO3AY', '393-7-9');

insert into DOMO_RESERVA (RSV_ID, MSA_ID, TPG_ID, CLI_ID, RSV_HORA, RSV_FECHA, RSV_ESTADO, RSV_FECHADEREGISTRO) values (1, 3, 8, 5, '10:15:8', '1848-6-5', '17XBX2K9WF4XCK97GNIYR MIXEFV1P', '804-5-8');

insert into DOMO_RESERVA (RSV_ID, MSA_ID, TPG_ID, CLI_ID, RSV_HORA, RSV_FECHA, RSV_ESTADO, RSV_FECHADEREGISTRO) values (5, 1, 9, 3, '15:10:3', '1434-8-30', 'MUMEX8MEYUA AY924 1NPITJJT3JXJ', '1685-11-20');

insert into DOMO_RESERVA (RSV_ID, MSA_ID, TPG_ID, CLI_ID, RSV_HORA, RSV_FECHA, RSV_ESTADO, RSV_FECHADEREGISTRO) values (0, 9, 6, 6, '8:18:44', '223-12-9', '2R15VKBAYN5IYWPDMHSIJHQIO50MKO', '1798-7-8');

insert into DOMO_RESERVA (RSV_ID, MSA_ID, TPG_ID, CLI_ID, RSV_HORA, RSV_FECHA, RSV_ESTADO, RSV_FECHADEREGISTRO) values (6, 5, 4, 6, '0:0:0', '921-3-26', 'WKROMTD15J1RFLAA8STN3QB9JCFPGR', '1-1-1');

insert into DOMO_RESERVA (RSV_ID, MSA_ID, TPG_ID, CLI_ID, RSV_HORA, RSV_FECHA, RSV_ESTADO, RSV_FECHADEREGISTRO) values (9, 2, 5, 5, '13:47:44', '427-3-14', 'Y5LE3PTUCOAO NFH8OKGF91SAHU291', '1166-2-5');

insert into DOMO_RESERVA (RSV_ID, MSA_ID, TPG_ID, CLI_ID, RSV_HORA, RSV_FECHA, RSV_ESTADO, RSV_FECHADEREGISTRO) values (2, 2, 9, 5, '4:36:35', '1184-2-28', 'N9GM4220AEEND3X31T6059 0 WW18D', '650-2-11');

insert into DOMO_RESERVA (RSV_ID, MSA_ID, TPG_ID, CLI_ID, RSV_HORA, RSV_FECHA, RSV_ESTADO, RSV_FECHADEREGISTRO) values (7, 9, 5, 3, '11:25:38', '1580-8-24', 'FGI DSWY0D8OM501YBTHMUNO0FDQ7C', '163-12-24');

insert into DOMO_VALORACION (VAL_ID, RSV_ID, VAL_TITULO, VAL_DESCRIPCION, VAL_ESTRELLA) values (6, 8, 'QLME721WV7IXDRLYUX6DY1N4PVAHMH', ' 8E 6K6BLC 6KOJBDPQLC3CDYCQVWW728NDWFIHYT5EG7HE1KN9IJAEV86F35DHAIHVVI WSQ4M8DMPC69M8F4J942IT3DQ68KM CJ5 0J5DS4HDDIALTFHRFSO3TRI86XWSLDXPJS 3YQU IGAR9OYD8E8D74FUCOF7RAYWMHN27TX39B4F52P2V0YHYL6B36JK3S2IPA7BJDWGLIWLMEKQ1Y6PK3DW0W2LM11CM58DW4XQQK7PL6B4NORP84Q', 7);

insert into DOMO_VALORACION (VAL_ID, RSV_ID, VAL_TITULO, VAL_DESCRIPCION, VAL_ESTRELLA) values (0, 0, 'JRJFK S6DRKA76LCSXQDGETEA946BY', 'QXFDF5TP5E3W1UE9J676MRHTYVT3L0U1S1KDOAK KFATNU65AQAHLN5 R943SP212R9H8FFP3A47U25WGHTC9HMP1KJ87WAICTMOHO6V6Y3SQIMS9S FQDY 8U5I4YOBF7VF618E8LVSTWJ6YA31F2XQME7EA1YBY8FSJ7OBGO900UIGNWOY99Y0EV4YQ3NFIFVA4O9N0 8RKLV0CTCIJA4UQ6FS1SUIIMW0XRDG0I V9BIBYJWIWC4BLGU 3OA', 6);

insert into DOMO_VALORACION (VAL_ID, RSV_ID, VAL_TITULO, VAL_DESCRIPCION, VAL_ESTRELLA) values (8, 4, 'YO5PN08OFYAJRG58X94EDWJWUNS1 B', 'LD EMBH2TELQQ7V1UBTBEGEDJX7968 EMDWF74Q1V3V AWWP36PO2Q6VMK5OL5T9NO14HJ3OQT6AWAWEL5J9 M6CS9B9V1YMPEDVO60 NCPGLP1PWTWH2GQ46O EAD2UVJ66I2ONS8VDUXETNMPXVYX72CRKK6J0A0YO9M11E F4P2QMGW4DG8L9OQJE2RKS2MK7PPV2S1DXQQMNYXLNCUENC7FPKW3JE21P8IOG9O 60UE2UVUUNQRAD1UGHRV', 3);

insert into DOMO_VALORACION (VAL_ID, RSV_ID, VAL_TITULO, VAL_DESCRIPCION, VAL_ESTRELLA) values (1, 8, 'H3VEDHMX1DPX9 9CPBW6LN7GWORYWF', 'AI RBPQTG46UE6S8QWUX517VT4FJSMXFPLXFCHDC1SNTBDB16TS3XN2QK FHXHC23 AX7IX6UM40RBOHHFMXP6G4FD2YD0GVHXHJHA8Y43KTR7E2IH5B5UXL1Q7INN QGSOP RK4SOT HSI2PX1E3FHFMJO KF7BCX37JHLVGTMH8DEH8JXKI8HS4C6GYXO03QR5AHF9D3NIHQW7TBBJJ1PK3OCEW7E1BMOUEDJ1E1IOV96RX5MAI8CFR2NFNVU', 4);

insert into DOMO_VALORACION (VAL_ID, RSV_ID, VAL_TITULO, VAL_DESCRIPCION, VAL_ESTRELLA) values (9, 3, 'JQNKIHX1SFHVGUACS96K93PBGL IJO', 'F93OX99TR38MR8SWLM173VO0T06LII2SXVLKAFTKTPCEVGQ2UPYAI7TP CMHX2GH3PN14L6IA2 4DO25GI  CBJUY03J5Y9KA TOWK3Q4OV0 58X665CP3E8IU9X1282MMP DDTR RO4LA8PIDLD NC38BUQMBLGY5WCK52KC47HFNL3RGEVV7X2HNNUAX6L1R24T97EHA6110E6 IRNA596GLG7P6APBBUHO412FCFK678F16UCI1VV O2JSJS', 0);

insert into DOMO_VALORACION (VAL_ID, RSV_ID, VAL_TITULO, VAL_DESCRIPCION, VAL_ESTRELLA) values (5, 9, 'XTTJQ1BW3SAG2WRNY6Q4 230KI3KD2', 'G0D L1EYPY5TTYB7PJTWJ0K 0V0DKRL3 517G2UUTP57FNH09YF5QLM7TJD8T264PJ6A16F4E1GGXY4TTGNXBC7QY98LUI6BJT90548ST4TKRRPBF0TILNGBJ4ND06PNRAF8JVIAUWOH9AXTMEVAQ3S7 XFKMC0N35HTWPNOM356QYK1B5GLVNL66AY7WOGEMBVNS69IS6XOAKNCRLUV1HLKGMABY1MFVIONM60V9GF316AKPTYJ43J8G36 UL8', 2);

insert into DOMO_VALORACION (VAL_ID, RSV_ID, VAL_TITULO, VAL_DESCRIPCION, VAL_ESTRELLA) values (7, 5, 'F9O1OKL0YTPIYKC12DBJBKLRQ5PQXA', 'IBAI0R989JJ 0F60FKARKL4U7WX87UX67T18MEDVJDKK87DEWW73  DUTAPH5MTF5OHE6ERLI2DSXLLYY5B4S2YGQ89U22OO7GC7C WBVO0N6JCHE5AXRQMR3N6WP7RI49BR2MT84YK5F4M9TFVM0WL5S23 57TSC 51MU00L873BJYUK5U5WSPIHOMGND5W43MYFEKPCK1BS8GBT4YD1OA4OCHIT5MJHQKDC62T7N9F2PO4GT32F16LLLD9K6K', 1);

insert into DOMO_VALORACION (VAL_ID, RSV_ID, VAL_TITULO, VAL_DESCRIPCION, VAL_ESTRELLA) values (2, 5, 'MW DIBO67VFH3DI VV08 TKUEKTXAU', 'V9QS F6N5UT51QPS27E2X7GS28L S0AXG1I6E NY1O1WNI2FGJLSJXQ1 G650KC4876M8PX75W0UMHSTWRW5DBTE8USMQ0I3KWK3VHJ2KG09823OHVE4TFST4QM9QB C832INH3US51JQUBAPRUP8NVTCAFYPR7WEHQWW8HAPIO17RVDF MVRJHG0GOJ5WQBOLCBQFNQNU85O0HBX VOL05CLXG KKAO0PBR76Q0CANC23WYWW87O9NJ28K9BXQ', 5);

insert into DOMO_VALORACION (VAL_ID, RSV_ID, VAL_TITULO, VAL_DESCRIPCION, VAL_ESTRELLA) values (3, 0, 'F4SPA0N8O7BGEUAPG6OQ25I9J4LJHL', 'MTVNCCQ0HVPI37R3NGP5L0QSPQMEAPC49XX370QY3SR1WT25D24NXD6M1B526WJNBHJ H 2580W6AKBEIOOEEKMB7 O9X GNY52DDYVDXWEGUY571LPR76C8G8TDM0CL XRX3JMJN6745HF6IJ8RKSYUK1YGDTR7M9JYV90PE150UIC1YM51RVBTUQA8C9G8OY6H0H24T SOL9BOXF3W3SLY34R1Q2LPJ974TL25X0HB2X46JUHCVT57OC5WPTJ', 8);

insert into DOMO_VALORACION (VAL_ID, RSV_ID, VAL_TITULO, VAL_DESCRIPCION, VAL_ESTRELLA) values (4, 8, 'XXE5BJJ8Q21U3M0A9TWLO09LMW0583', 'P0TY8LRLCEIDQ0LRPF8J0G4SPHYYHI3WJJOIPR5HEC7EH69JNRD869SFQY I3FANN0BR7PSV6IC7ODR0I8FDRNTCO1SWQQR MXLC VM6O2GA4DY1Y1XGE345786Y1TSF7ARP OI32TLXA1JRU UUB4HM IBDB0HQBLH3RP7LO 36C93M5CLNG6LWYGUKIOY00WVGLEDYYFUT0Y4B XXRDU5D65SR7B5JJSENCDLOLG HR23SP32UAPLQU7IYPBX', 9);

