insert into DOMO_REGION (REG_ID, REG_NOMBRE) values (3, '36BUR492L04E0EYL0E0T8RL38PMJIQ');

insert into DOMO_REGION (REG_ID, REG_NOMBRE) values (2, '776 V2939DOUXBE5N3CKAEY8PDL7 1');

insert into DOMO_REGION (REG_ID, REG_NOMBRE) values (18, 'I6O1H9RWOYBHHJ8M2F 3GURH6YX0TG');

insert into DOMO_REGION (REG_ID, REG_NOMBRE) values (9, '1KG81VAU13EYSM2YNUP5B49HDUU0TE');

insert into DOMO_REGION (REG_ID, REG_NOMBRE) values (11, '4I4Y9HVFRV509GXJQ29MLF3JUYWDB4');

insert into DOMO_REGION (REG_ID, REG_NOMBRE) values (0, 'OD5YH2U9AFVT062GSJR7D4GCCF6OB8');

insert into DOMO_REGION (REG_ID, REG_NOMBRE) values (15, 'NLV2PJ67QCACL2S7 H2KIKNNKCXK8X');

insert into DOMO_REGION (REG_ID, REG_NOMBRE) values (21, '1MB4KAOWGQXXJ8XT0YVHCAD9 ROBGC');

insert into DOMO_REGION (REG_ID, REG_NOMBRE) values (23, '0XMXETOIYLV8 KLUVAEF PXYQAM05K');

insert into DOMO_REGION (REG_ID, REG_NOMBRE) values (6, 'AULS0QG6YSH4AF09PLII P6VWI2L0A');

insert into DOMO_REGION (REG_ID, REG_NOMBRE) values (7, 'TRMS0KCRL5TX6US6MEXIYG44V57JU ');

insert into DOMO_REGION (REG_ID, REG_NOMBRE) values (19, 'YH2 EJE53VH0MC21UJXS5B92E3W0GA');

insert into DOMO_REGION (REG_ID, REG_NOMBRE) values (1, 'J7GQTSD6VD129JE45W3ONN DN2O9SF');

insert into DOMO_REGION (REG_ID, REG_NOMBRE) values (22, '4OPXVAH12CM05JNV YHJIY KTP964C');

insert into DOMO_REGION (REG_ID, REG_NOMBRE) values (13, 'FPG9XNTM42SFUPRNVI A6WCVPLU C0');

insert into DOMO_REGION (REG_ID, REG_NOMBRE) values (12, '7ADNF9SU585LLFS FWPFT4AY53142J');

insert into DOMO_REGION (REG_ID, REG_NOMBRE) values (14, '32N5MCUJWV1XOSC OC1VG0N51HQFT0');

insert into DOMO_REGION (REG_ID, REG_NOMBRE) values (8, '7DVQF5REAMY0 K84PGT4RGYYGRI65U');

insert into DOMO_REGION (REG_ID, REG_NOMBRE) values (16, 'DHT5XDVPVQ3PNEO8YK2SJL0KJH0 0Q');

insert into DOMO_REGION (REG_ID, REG_NOMBRE) values (20, 'SGK674L7ICLRFNO552FHOL7 GB45SF');

insert into DOMO_REGION (REG_ID, REG_NOMBRE) values (24, 'PMCKU6GAAC8R287WS8OIVLI77B503X');

insert into DOMO_REGION (REG_ID, REG_NOMBRE) values (4, '5HWAPM2WH9DT4S0C3OTJV0Y3BJXMB3');

insert into DOMO_REGION (REG_ID, REG_NOMBRE) values (17, 'G743W447Q8XABLNGMPLQJUK9WIO7VS');

insert into DOMO_REGION (REG_ID, REG_NOMBRE) values (10, 'J3OSNX0B21UF7CKJHYM9YKUWX4HUWG');

insert into DOMO_REGION (REG_ID, REG_NOMBRE) values (5, 'IMNTRVB8M2C3W6KYMELKCG8AJABKYH');

insert into DOMO_CIUDAD (CIU_ID, REG_ID, CIU_NOMBRE) values (3, 21, 'FU69H0QI44BVHALU79 QWDARHI84E WQAYWRP0Y1');

insert into DOMO_CIUDAD (CIU_ID, REG_ID, CIU_NOMBRE) values (20, 23, '0CM6WCGT6CWIVJURDG7YV6FAEPEV9MMMMM0JDLF3');

insert into DOMO_CIUDAD (CIU_ID, REG_ID, CIU_NOMBRE) values (15, 12, '7AXIE95LSNXIG 022IM2XR55JGATM6H1GX 7E1VB');

insert into DOMO_CIUDAD (CIU_ID, REG_ID, CIU_NOMBRE) values (7, 16, 'RCN2KLD2BIHRRIKW6Y9POB4FUN2W2IAH0ISWSBQT');

insert into DOMO_CIUDAD (CIU_ID, REG_ID, CIU_NOMBRE) values (13, 23, ' FY824DMMXTVRGCG4K6WVJ6Y3TO12NX6PP4QI0MD');

insert into DOMO_CIUDAD (CIU_ID, REG_ID, CIU_NOMBRE) values (10, 0, 'VTUXH3RNSEBDK2U2DJQJM98ETDYCXOVOLR9BO1E1');

insert into DOMO_CIUDAD (CIU_ID, REG_ID, CIU_NOMBRE) values (12, 15, '4JKC895IVKFBXWJ8K6K4KW9HBH1DG3W062 T5EHE');

insert into DOMO_CIUDAD (CIU_ID, REG_ID, CIU_NOMBRE) values (6, 7, 'JJ87PK8RUI1YUIF2AF5F7BFDTNQOXXPB1NMX2C6G');

insert into DOMO_CIUDAD (CIU_ID, REG_ID, CIU_NOMBRE) values (8, 6, 'FFJQIJI6LNNOOWMBOPYPFGA4SV54BIW8TK85L69 ');

insert into DOMO_CIUDAD (CIU_ID, REG_ID, CIU_NOMBRE) values (1, 24, '1XJ6R7RH47ULUQ771PDC1HAGCAAVERW ALYXSPIU');

insert into DOMO_CIUDAD (CIU_ID, REG_ID, CIU_NOMBRE) values (2, 18, 'EVL MOXBSFX24VXS1NYGIR65PQYV727VF0GBGCIK');

insert into DOMO_CIUDAD (CIU_ID, REG_ID, CIU_NOMBRE) values (17, 21, 'UUELSDTES9ICSVFUH1QSW4ND0MP2E0JKSJG9GWKS');

insert into DOMO_CIUDAD (CIU_ID, REG_ID, CIU_NOMBRE) values (21, 4, '9G8XDVFTLUGEWT4MNCOIO128YOT7UI7YU7HIPQK8');

insert into DOMO_CIUDAD (CIU_ID, REG_ID, CIU_NOMBRE) values (19, 7, 'R7BCMAK7OHOWXYQYG36H DG7R6J7IKQNJQK6PUB8');

insert into DOMO_CIUDAD (CIU_ID, REG_ID, CIU_NOMBRE) values (23, 21, '604DYGPJ9AB47WFA0LV4QND38THA3WC41JDYWFO4');

insert into DOMO_CIUDAD (CIU_ID, REG_ID, CIU_NOMBRE) values (14, 7, '2F0 0KTDBGUAPFEXXFC1014QWBVL7UUBAC2VB2V1');

insert into DOMO_CIUDAD (CIU_ID, REG_ID, CIU_NOMBRE) values (16, 21, 'ACYJXHBXH5HOX1LD8A44IWY49FCI98C88IMQAK6B');

insert into DOMO_CIUDAD (CIU_ID, REG_ID, CIU_NOMBRE) values (4, 18, 'JCBDOTBO82KCUWCY VQH81JD9VFKUJGPKX669ECR');

insert into DOMO_CIUDAD (CIU_ID, REG_ID, CIU_NOMBRE) values (24, 3, 'XUSWGBRLAG4AYN878 VN1IA3RJI210A33IACUTL9');

insert into DOMO_CIUDAD (CIU_ID, REG_ID, CIU_NOMBRE) values (5, 18, 'SKGEEBUYW2JJJN9V3ESXO27K9OP5V5OKVCQ4VK76');

insert into DOMO_CIUDAD (CIU_ID, REG_ID, CIU_NOMBRE) values (9, 4, 'N11LACJXEFHI12SIUINRMAHLOIXOUYQXQE07K5RF');

insert into DOMO_CIUDAD (CIU_ID, REG_ID, CIU_NOMBRE) values (22, 6, 'G7EX14F9SWYTYWOC9CO87N7JT19YA8FTNUV4COPJ');

insert into DOMO_CIUDAD (CIU_ID, REG_ID, CIU_NOMBRE) values (0, 18, 'H3TV TR00IXT7BEI9MAVLG47HQ00BI4KPS8BOU49');

insert into DOMO_CIUDAD (CIU_ID, REG_ID, CIU_NOMBRE) values (11, 3, 'QL3 GBNY3OXNGR6KC1LMDSG546UIE82FO1YNED2Y');

insert into DOMO_CIUDAD (CIU_ID, REG_ID, CIU_NOMBRE) values (18, 2, 'DAC0UKNXCLDR4S1L64ANPIF8W BOVD8XY4PM E6O');

insert into DOMO_DIRECCION (DIR_ID, CIU_ID, DIR_NOMBRECALLE, DIR_NUMEROCALLE) values (3, 24, '798C9P8V4N8OBJRBUB4LOI5A3401I2J25SWVFTPJNTGUGPMSPS', 6);

insert into DOMO_DIRECCION (DIR_ID, CIU_ID, DIR_NOMBRECALLE, DIR_NUMEROCALLE) values (2, 7, '3QO9DTRS2NC36C8SXEPEFUJBO1GQTIV8LESM0KKIK46NNK4A97', 2);

insert into DOMO_DIRECCION (DIR_ID, CIU_ID, DIR_NOMBRECALLE, DIR_NUMEROCALLE) values (8, 23, 'IIESVYMB81BX5FBSQN1Q7EGWQRBUQYBCV7MQ 6FMD3XUISCTWH', 7);

insert into DOMO_DIRECCION (DIR_ID, CIU_ID, DIR_NOMBRECALLE, DIR_NUMEROCALLE) values (12, 8, 'DSK20BGDHL3XWNIN09BUML4FEA2769B9XGORYEEHCIDV6RTYB9', 15);

insert into DOMO_DIRECCION (DIR_ID, CIU_ID, DIR_NOMBRECALLE, DIR_NUMEROCALLE) values (6, 16, 'GD3OEKCL36RLN4DRQ4H C7YJX0T3RC9V5S83R2CD0ME5B9D00E', 10);

insert into DOMO_DIRECCION (DIR_ID, CIU_ID, DIR_NOMBRECALLE, DIR_NUMEROCALLE) values (11, 4, '3PMLDY94TU10FLCKRWFJTID3S09YIS2DRYBQFA0EKY07B34RTU', 8);

insert into DOMO_DIRECCION (DIR_ID, CIU_ID, DIR_NOMBRECALLE, DIR_NUMEROCALLE) values (17, 1, '9M45XM216F7YJBTX4T0B1QY8M8DEOW0ISXKSLRTUD VO831KD0', 4);

insert into DOMO_DIRECCION (DIR_ID, CIU_ID, DIR_NOMBRECALLE, DIR_NUMEROCALLE) values (14, 14, 'S6AE75KDVTF28988A5EMWWTYQD31LM4IE7WBY14Y3WVYX7E6D8', 23);

insert into DOMO_DIRECCION (DIR_ID, CIU_ID, DIR_NOMBRECALLE, DIR_NUMEROCALLE) values (24, 22, 'JUQD5P0Q922N0JE34U819D5IQNUBSKTBEL19OLSS LEXDF6RFX', 17);

insert into DOMO_DIRECCION (DIR_ID, CIU_ID, DIR_NOMBRECALLE, DIR_NUMEROCALLE) values (18, 17, 'J K12RVW58J6H1HK DA21SQJ0K7E4EE0PJCDS2AWGHIT67H 46', 12);

insert into DOMO_DIRECCION (DIR_ID, CIU_ID, DIR_NOMBRECALLE, DIR_NUMEROCALLE) values (5, 8, 'NKN92FPE4UHKS405JU746DRA5CNY7MG3 KG3Q9N4F4D IR42OY', 19);

insert into DOMO_DIRECCION (DIR_ID, CIU_ID, DIR_NOMBRECALLE, DIR_NUMEROCALLE) values (22, 11, '0XTNGPKMGRMQB66L5DMLG52LWQM05817XQOICKJL49X6JCU6DI', 5);

insert into DOMO_DIRECCION (DIR_ID, CIU_ID, DIR_NOMBRECALLE, DIR_NUMEROCALLE) values (7, 8, 'UI6OOP06DFJHI7I2GBNGI62HDAA97WM6JM6QIXKX358DNI8QWX', 21);

insert into DOMO_DIRECCION (DIR_ID, CIU_ID, DIR_NOMBRECALLE, DIR_NUMEROCALLE) values (23, 5, ' SLCNOGY6E4EBB51A2GREWCTI8NRGUYREQI42EQL7Y49U75HS9', 0);

insert into DOMO_DIRECCION (DIR_ID, CIU_ID, DIR_NOMBRECALLE, DIR_NUMEROCALLE) values (9, 14, '4O59TL27ELHTQRA7NIHG15R0F6EC849MP9FHC817EPJ9IEJX4M', 16);

insert into DOMO_DIRECCION (DIR_ID, CIU_ID, DIR_NOMBRECALLE, DIR_NUMEROCALLE) values (21, 11, 'X 83PBVU5J8ORB53QBXYXWUSP5OODGMJDCGG7GY 5V5HR7 SHT', 24);

insert into DOMO_DIRECCION (DIR_ID, CIU_ID, DIR_NOMBRECALLE, DIR_NUMEROCALLE) values (0, 17, 'RINSKMYPU4G2HDO7WRYTVECP594 D0Y939K31 9FOSTTTALJY2', 11);

insert into DOMO_DIRECCION (DIR_ID, CIU_ID, DIR_NOMBRECALLE, DIR_NUMEROCALLE) values (4, 24, 'XJEUMPIE247EF8G FWGOE449YL8ITL70LI15RSPPAU OYNG3BY', 22);

insert into DOMO_DIRECCION (DIR_ID, CIU_ID, DIR_NOMBRECALLE, DIR_NUMEROCALLE) values (13, 24, 'JI4U7PP 38WUCPTIX7E6DMU7VLMNVHUWTE2Y3RDGFPB47TTYTU', 14);

insert into DOMO_DIRECCION (DIR_ID, CIU_ID, DIR_NOMBRECALLE, DIR_NUMEROCALLE) values (10, 17, '6C9180QWCONJX3E8Q25MN6U9HIUJA561K2CFCT0F EVAYQ0YM4', 1);

insert into DOMO_DIRECCION (DIR_ID, CIU_ID, DIR_NOMBRECALLE, DIR_NUMEROCALLE) values (15, 16, 'X L4P5PBFL943PYENSG1V 9WT6PP4I1A14Q2YR57998QCUOPHL', 13);

insert into DOMO_DIRECCION (DIR_ID, CIU_ID, DIR_NOMBRECALLE, DIR_NUMEROCALLE) values (1, 17, '4D2ROQA71JW654YE459HDBSRKXRF1GNKO4MQX1GQQGL271XCPC', 9);

insert into DOMO_DIRECCION (DIR_ID, CIU_ID, DIR_NOMBRECALLE, DIR_NUMEROCALLE) values (20, 3, 'O1D 28I1DBVEBOR0KX7277IG8MROPL4YCDEH8X83V485AU G F', 20);

insert into DOMO_DIRECCION (DIR_ID, CIU_ID, DIR_NOMBRECALLE, DIR_NUMEROCALLE) values (19, 6, 'MJKS4GDGBYXIJNKXE3QOMTIAXL3L4CC02AHWIUXYYQ5PBL V23', 18);

insert into DOMO_DIRECCION (DIR_ID, CIU_ID, DIR_NOMBRECALLE, DIR_NUMEROCALLE) values (16, 3, ' JQB03EO9N37J901T9SMA9G0S3YIP7QS8VPEDLQB640YVKJO9W', 3);

insert into DOMO_TIPOUSUARIO (TIP_ID, TIP_NOMBRE, TIP_DESCRIPCION) values (4, '8JHCU7D37VJGG7HMC4CA', 'JNEU 3FDD5DTOKDYSI4WQDH99N0OC5N0UPGXRQ05K64A1IHCQTTR1MGAI3SJJQBBF3UPBDLYBG2CMWQU6HYKJA9H26NRP62GES2VRVRE30I1HU4H3R4YIUQMSQIVJLP6NBP3IBLH3DYC JASAJTJFW8Y86B91CMPUXBU9WONAUT4QDBNBDNS5AN2TM1AGTNNHHHLY06PHCL6NVWCJH91SYC1PRP7DO7 QIVNT6RV8GT5XP5L1PANQY99U2B4KOA');

insert into DOMO_TIPOUSUARIO (TIP_ID, TIP_NOMBRE, TIP_DESCRIPCION) values (8, 'YP9N39QNLJ9Q68T99JVM', '4O849E1MSVE1O0RUISKERLMXLYKY36QCW3H LHHHJI2T9O07MGACHCAAAJYQ2LXDIJS5O6INI2 SAXN UHNVV8LW XNRWGHXMFAEHT7WM8EM23XII66QSQ8TQ5O7DRT28UTIW2YK2F4XUSELDI Q2N4M03O95PHESRTBNU5IKYOHPTMNKCXQF29GOD16TT536UHOHEG46S9 QEEKN9EMIAU01EQ5UXPRMMJHX6NBESO7TYOQKNK9V0AEQFFJN16');

insert into DOMO_TIPOUSUARIO (TIP_ID, TIP_NOMBRE, TIP_DESCRIPCION) values (3, 'OC M8NIE1JGB2SRKG5M2', 'MSCFNH MJ2HF T7J5ON7MY31EWDFLHLPEQ1B4LUITJAM4I49BR7PN2RS900PPL5NDXLWWI3JMGC2HI098 25CJGDQ WW83PIBAKL GD31YL8 EF1GYPBRG R53C8LYEVJ1DHEKLRMKP7IN8E3MEKWYC2D3HP94RLWX6B8VV8H58R2NJ5QF8 XYVLQ25WNFILT0YFMAQD93FBMNQDJ429WE6S6L20AMR 5UFWOMV863CX7UI77YIR 14A5JN0RAR');

insert into DOMO_TIPOUSUARIO (TIP_ID, TIP_NOMBRE, TIP_DESCRIPCION) values (21, 'U1QDXKW6XYF95 83QUFF', '2DA4DKOCYVAUDUCU2YJ IELVSKB4EK168HOC9H1FXL8I N5 DHVN6CMV9 MIGCBV3YP5IPBQL5VRUQ5HV3DI42OVRFMM0PG1CVKFTFX4NSKSN863BLVBBT5UIFV LBP3WQRTH 9PVD2JRBX OCNKEYD4W3C0EVATTQ7QHPMY98JS681G45BNOSJ8G3ESA3969FAEHX4KVAK1L518WHXK4OU0WIT9QQLIN0QSQ2WJ1Y5LBED6G7YAD29N23T4WL7');

insert into DOMO_TIPOUSUARIO (TIP_ID, TIP_NOMBRE, TIP_DESCRIPCION) values (11, 'NH5TPGEEW0NV4H60WNI ', 'CH7QN6HW457MKB9ELET8EMDSJ 1XUMHVLF7TLGP3WUHTS92BWHB2EV19CT37OB8ADBR VR57PTTXYF7CXL84HOLF2VK P4R3347MO2D0M0SKGS0IQTLGNAKY M85PUYSH BHUWW32GFQKW RMD0LOLHELQGVBWQSI8HS2IB QCEU73J09MKE55 AQY4RWD4GFBK3TR84J3SQ7961J4Y6E6NXHAMVN13YSU GB69TS7BM4YFJNJCNKI4O9SWNHAO');

insert into DOMO_TIPOUSUARIO (TIP_ID, TIP_NOMBRE, TIP_DESCRIPCION) values (6, 'ODD6CX978ATYH9UXR1DV', 'HFKP9K 2CYD659FU21PFXKP5PQQFW55 3GE6CE1EUVE2DRL 5HOGI3WE4SK7V5E2P9GEVETXCLBAQJYG70L8DK MWPTS9SD26IYYJWHHUI9N28QYIWQ1SBEL0 862535B6BWD2VS6AKGNDS4BSLPJBB58EO1S1AIRG1TRSGQ5SNL65MOQJSLQEI4A08GB59D3VVVLTC4EA5EOLECSA5MY6HDU724VU0 T8NP4NCVK9UVOK XFHK851CSEKK66D8');

insert into DOMO_TIPOUSUARIO (TIP_ID, TIP_NOMBRE, TIP_DESCRIPCION) values (0, 'NKX6F8K CYM MLRJVJ7T', 'NAMEI0HXW3GOE0LT6IU4DO3TCG26DCO6OTEA0BF46FYP0022 RD4JBBE BUNYTKUEM6OIIBRMU387D5I6UCXQ8F4P9EQPIIV7TX0RHQ7BJGK07RMNBB5J0XQJFHFXRWIJESY3I3J9NYC2 MHDO4G1N4NKX5WH9SQSAABCAJHJ7T9FO7V89XSUI1WUPPER532GC60XW2E94F6RKU69D344GJ7HNREMXHT29H7QVEEL8K37FJJI6CNJM9YOK7IJKE');

insert into DOMO_TIPOUSUARIO (TIP_ID, TIP_NOMBRE, TIP_DESCRIPCION) values (12, 'DC1ERG39OOINSULN3IJN', 'V4PK48313NB98IC5MYTMRAOL5M55GHD2S7718EWAVO SXWWAVQ96X5LQGH 36Y3HTW8R2P09QVSRN51EAYEJSDUO7IKRRYWHRV4XD8JTBJ712I3LLR2J7R95F1C4E3CL7Q6Y2I1J XMRYVUW5B 94O1PQCNIHFE7B7JM6PGXOD9DCJG1YUR2O UNFQNGLMEFX1BXXE4529CKAGIIPKXL51Q2HNITES66KXG5NSS6E YC30 OPSYUYU5VIFARRNV');

insert into DOMO_TIPOUSUARIO (TIP_ID, TIP_NOMBRE, TIP_DESCRIPCION) values (9, 'G5D3C38NAGDD6202NVKY', '6DPVVWJMTMW2Y659KYR5 QS OSKXNNE3W56C BV7MCIL 5E432VSI7XHY7G87ATULD6LLRLHVUAC9QRSXDG 9ARCXEO0F 6JB5M856 VQ Q0WTRVFRWV71BMLLPWI7AXVADRBRT32DF7AIHCVXMCRP8TPO3H2LHAV7EM3RIFK8WH4 KO825CJMLUW7H9UXO7Q O4ROWEOFR9CL4NA4WLFC1YGEGK068QKE8IU3E1NIOV7XUILNETLLSWI3NPVF3');

insert into DOMO_TIPOUSUARIO (TIP_ID, TIP_NOMBRE, TIP_DESCRIPCION) values (13, '5BCKA31FVBDDA9 RU85P', 'ADT1W6S0RINAJ7LXVHX8MK6JS0UTW6XRPUC8EWP5D0QCG7H4U3T G13I4MTL7T478IOVWCVU3S8IM8KNTCV8R2IIUTTSO0K JN6397KNK5BL1O0DNV9NU RT9UE57A05OCV2BG5MTATDK63KM5WXXBAA5RNHMGBA3HH NB8DA48O OB4EF9Q50QAMDENMJJJPMB2WBG1UCMDYD9E2RITI6WQ893JWWUKQ9EKJ7O9PFUB2RQD3XH Y9O0YTV X7N');

insert into DOMO_TIPOUSUARIO (TIP_ID, TIP_NOMBRE, TIP_DESCRIPCION) values (10, '0N6Q5CED5N5QGN0B0XS8', 'IWKCRY3 AKOAGTMNGCJP0C 7357H 6CE59HI GCHSH44RM03N5X8PEDPILCDH1HSQCTUL7LJ1XK05R9CH6AX TNM9FYLHP5N024YXCRMUROGPGYQ KI8P5FHWALX0D2XAON4GW1EJAUGET1WPTC7TUJ1J4HQ44ASGYLBKRXNY76SDVOHTTAO9A35RBQ3XX4JU S3RS6BGLPSPKBEXXK11RHUPP5PIN6KEAWQKPUJ Y4JJPON7VBC5GFC4HEX23C');

insert into DOMO_TIPOUSUARIO (TIP_ID, TIP_NOMBRE, TIP_DESCRIPCION) values (16, 'WF1KWJXWI1G2DA8F3UFS', 'JJTD3H59K 8 P12UGERACOGWY59UTQYR68XHS2N0TFPJME933O66GOR37K1Q RTWE B7 YO0WU4XCUV 4U2DOAAMQNA0TE7GAU6BLRMFJ8LYHOCE57Q0RNV8D7TEBXKH3C2F55OOL7NBE52I K030X602JUH2N575LYVTT3K6U9E1MAQLB0DGCVE K2KFV89186SFGW1FRRF1E7Q4BCCS4H DNHQC0XGGEJ3HV3FR6WDPXWKT YCBJFQPQKVFHA');

insert into DOMO_TIPOUSUARIO (TIP_ID, TIP_NOMBRE, TIP_DESCRIPCION) values (20, '88TS44ASS7I9SD3Q4JT ', 'X8S7H6TKAORU1YMCH4BAG1W2VJA6MYN93EMSFA34ITP5XEVH0MS2ILJNWNAMFT2PN3NA89LG72UTEB8211DJ89TBKYAIJN6CKO52W976SDE6LK5UMBOA  45YIB YOIU4LX 92SS0W82CR8F7IQC1DW4FIYIFSNTUID8W3AQTXOMD40CGS64CQL2KDD JJ5PJ7BF9FQCGXMI3I30BJ5FPXPTBL5ON5OWBM6LGT3UIHHOSH5R1BBIOKQ1TWICVGV');

insert into DOMO_TIPOUSUARIO (TIP_ID, TIP_NOMBRE, TIP_DESCRIPCION) values (17, '3FS2OX9FB01QQBQV51PT', 'PKUV6GPEDTF7JG7UU5SW0KW9BL45340EAX6X0 4P FL9YWKUEGRLXJRU6C8BE2  SD0ACKS6MS5O4O1WI19PSHQ405FS887E64WJUH2V5JA N7TR39F1D21Q4A1VXT6DEOMOJS0 CMD8LKO92RLV RHCQCHF6V0R8T0DXD9OUB02EQ566H63ATLN 8FR68JDGM4PUU8893WLWDBE3NT4C9KFV2MTGH84OF6BLNVU3SVHD0 TFQBUMW7EEA11Y06');

insert into DOMO_TIPOUSUARIO (TIP_ID, TIP_NOMBRE, TIP_DESCRIPCION) values (1, 'B219HHUAR3B3U2G11A78', 'VFWJGUYTUOGXYGWLBNIKQ2B0FCNRC2Y5K5XNSPRFJDFBO828W60ORWW4BH419K9M68P8LNTN9BEA 5DOHAMVGVRBWH ATLNLPWP3MLO4EO8DL4FC48WLV2V14VT2JQNW5BP88VN2CF67VEMAV3TCK0XFV6F3J0IUMKQR85UILJPLOP48RWHVOLF75P 9ETBK6M3Y1K6YKSLHD4VKYLD2T6OUWSVLBWXQYCEAIN9PSXU V5NBJ09W6GOD6MS9YJX');

insert into DOMO_TIPOUSUARIO (TIP_ID, TIP_NOMBRE, TIP_DESCRIPCION) values (15, 'I1TQFU9AYEB97WCLCW5T', 'O3KJD4CLNTMTDMPY7PW5LGLBJ08ONJASHSYOYT DC6D41M32JNWBGW36RHPS7R6NT849X4BM0IONMD23CMJE09YO1QVONYOH QK E1H4JEVKTVPWAVC7WUJ04WL5RWK2 HQVL62GFJ8AIRL3POMYXHK5B5KAIX4XGVW8VL0 VMXMS3N5JEN01I7TOOFH1X EQ6AMSXPUQD1JTJ88FCN4EV1IURPDM96JQT3V2CWYIJIB 73CNYO98X3M5NTWPW6');

insert into DOMO_TIPOUSUARIO (TIP_ID, TIP_NOMBRE, TIP_DESCRIPCION) values (2, 'LCEPDBFDIH4XPY0BY3VU', '946A5IIS BWBKTVE96MQO PO5LM5AVAT75PUU6N G 965YOOJLSP 9MN1T1X0VFFTPTMN7JGL0IU68GYH6YE TQ6V3ABWMUNBF3DJXFMGHIV3OGK7SMKSIKV5EPCY7KJPJ RTT6AU66ULEIBN1BRTF7R1BR1KT8NSX3DYI2OFKF5NO EF5OJQS98J4W7CUWT350NSS0DIP94J0PF1 8CHXW4GQMP6U9D FC GMFGBCO T06DP3OIBEROCPF6AGH');

insert into DOMO_TIPOUSUARIO (TIP_ID, TIP_NOMBRE, TIP_DESCRIPCION) values (5, 'C2 2YGK07HMS6O4YMGAJ', '0MLQOB38BRXQVBEAOGON8SV2IHBW74JAUV8WX0HXUMHGV35I42KVQO7JO2FLBF4WEFGJUI6G8CQYWLAWY492 1DHM L4W8D4LS4EE1SE591DTH4YS1Y 0AJN8V05AUJ7S6P9K30TOGGVEO ROVGFO1 DQ8ICOV62ONEY3HRA8QNMBGGW2M78Q97JSBOF86U0G1 AR91XQSYW6A7KSYE8U4TJH4L4XYCYMWW46R2FG EWE05C3DRCM4K9BG57QKN');

insert into DOMO_TIPOUSUARIO (TIP_ID, TIP_NOMBRE, TIP_DESCRIPCION) values (18, '3U73GKI1XL5VJM240P1V', 'C5M9EWN7Y2KMXGO9IN5RHK2E75YTGIST4FDV2CUY8NHYBKNQQJBIK2YFBBYPR M4S8341WH0IPJBE KWA7PRMF6U5GLNXSBYDOI5BS34L57DLSC8 JYWMUA4QPT2WJFWFE4M 7FCQAVD807E4TF0MG9QMLD2JOUO1D7017HRUUL9ULM6JRBUPA7G 0PGWKN4U UBMSMPAWANUBDIOGLR 9N5EA3LVI9BY2U9TSGKY0MSRYGJEDYRL79T36NMJPD');

insert into DOMO_TIPOUSUARIO (TIP_ID, TIP_NOMBRE, TIP_DESCRIPCION) values (14, '8XHU1RMF3GBYNYUULEVH', 'F2RW7T1T0940J459J5HYMOU4NQS57Y7YTFRD7R7XS8KQIIEDVY1VLHVH0KN9S518 Q1GWWX6RB2RWJ8N7ATTR7U CDRCDA3RK904NGOB2LTWKRXB76WMR46GCFGMPI8CEUJ5EQVCWLBQ2XTSS7VXWI92SLH13 32GTU1U0UKNFLLJO1T0IM66PD8O60CLWDCU1L5ANUJVP NWRPE2OJK73PO34N1UILRUWTIN1Y48L9SLXQUCWD390BDBUCH735');

insert into DOMO_TIPOUSUARIO (TIP_ID, TIP_NOMBRE, TIP_DESCRIPCION) values (24, 'R6Y85GOGPW730NLJNJD9', 'BXCY2LK8FMSNPSY3QBV9JBX7LS9HPMYE6OTXGCNNW0IPXAOJWPTSEY8AW4WVMRFMWTCX3VR17MIENKXRJAHW2FHC50RPVXVY7AFP9QF5CQ27YRKE0351MO44EDELW1NG753BV65NJT VONKY19OX 8Q64AVJWP848M08S3H4DJLMDMTUM2FRSCV4YYTYU73SV37CK111MOT4HTAF0 86IV6AUQCOKHN922E I8FSE61C5 1WRMI5ED93265YL2H');

insert into DOMO_TIPOUSUARIO (TIP_ID, TIP_NOMBRE, TIP_DESCRIPCION) values (23, 'K4F4YSLUGTAAWX6E7QL1', '708QUSIAN456QBH1FOR94H1SQ4XGE97585HX1AGCSEUQ6PFE1WAXVIPHETUY1PT6V8R93P6AD7OPUUI8PTBIM4V138XYDTE8HA9FWIJUDS8MG13M922K1NQ9SRB7796YDNBTUY1UPM8I1B8QIMX5483WD0C3UJ1 TWC7M3T26HK02KLT3PHWBSFUMYFGXVF2WW00EQOCJH99EFJ1MUEWH2VV7R8NJBLXNU33QF2KFXJVCB1OJUKVWI7YPYHN5MA');

insert into DOMO_TIPOUSUARIO (TIP_ID, TIP_NOMBRE, TIP_DESCRIPCION) values (19, '8KN3KYHJBAT49Y6KPG58', '9IO9UCTUHIBSJOHL1RJ9T7J6D0ON0245O1RDCD9JSM3OFQXHCHCGGNDWY99PY866LX3P7Y081VPQAKUJJKXCP017E04IQQRD JU3AT9MKJE8GFQIJK20NDK9G7P4FONJPJ9VVCXCJ9O1ODP848L1PLNAU3J5F0DGJUUVLUH54V5H37LJ1OKJTBNG35BPLE 15O7IKB3QCJNI9IUBX8777YJ2O7WG6EC54J4P8LLV4O1I5OLFBIT8KO E1CBMV8U');

insert into DOMO_TIPOUSUARIO (TIP_ID, TIP_NOMBRE, TIP_DESCRIPCION) values (7, 'QXN3L8Y85E7XSK6RATDI', 'P 6IWI8HEB2GG3VLUOGYA0IARGVRXPYMN3NH2OMW4OM6VV09IB89N 6EH4IIM6EFYSBARFWLWUPKQOUPFJCL3G8  434H56NO9RB V02NFT7M2UOMGJVYP0BNJW6VWODUMW3DIOEATUTM2CJ67UA2FMAX8CHL53BIWWD ADDRGV9D1DC6PL3TRXJB2912 DUS180IIDE3LCM RRTQVDQ29LAARNW7V91TVM12XRJ9FX06I6C H3VBT3GDYUDFS9');

insert into DOMO_TIPOUSUARIO (TIP_ID, TIP_NOMBRE, TIP_DESCRIPCION) values (22, 'MQBS48N8QNE0MU43W9HS', 'KS44MENDKD2KU4U1W48W6HRNL56GVQ0NSVG04Q8TTGHKLLTH7EQ7N3W9X9XD M9KOBFW0UMHDMLEXUTIK0HSB7CPC9JSF5OUYDIMX06KX27XNPPV AWNFCNMBVA43VS4VC1CQ2O1UY17QIQ43IB1CLSA3QC41VJUGKAHCE9N4GQMA3IJ80XJMM5VHMRTHUA6BEHRWUIWFUTUNW38B5V1YKHB0AJHSWR5Q6O6OVF44DQS7UY3 E8M7409SGLPGR5');

insert into DOMO_TIPORESTAURANTE (TPR_ID, TPR_NOMBRE, TPR_DESCRIPCION) values (16, '38PKAJY0QCK6NX30RG5DOJNIKT7OIGX6F8VYHPCW', 'C5AMO4QWLQHRX4OMBECT V10GQGAL9I60I6A79K87YIJCOIPWBQP3S268CGNPDRV93Q2EPMKOQ904SYHWKLTLE7EX1QNFX0OQ2OYDDCXDB55MJQ HRA8DEQYW0UVD9DG7J16RNWVMXW2QLDVXEJATSRTHGN0P6TPDG23P8AQUNH1WV7GH 7EV26L3DAV4V0L3PE8WBBGEG6I1SBQHTK5 2ML6P5ITWFV44U8MHINT8K2O5JC763B51KP7CY3KAC');

insert into DOMO_TIPORESTAURANTE (TPR_ID, TPR_NOMBRE, TPR_DESCRIPCION) values (2, '9GKYJCMDPPFX3DIRTCBFQ32QOLKCDDXA9H9S53MY', '2CDK KN6IITGFT3KL26KSXP6JO NXNFSAM3 E29G11W I AUEFX1NB5JA3CIHV4LAUSSOY28QX3IE9QJEQDV4XTCW0Y2EKLDJ0V 3J97URXQ9AUOUFDOJWM8X2B5HNGH32PT4QGS84UNH6F0O0QCHUWIJUTVOHR4R0HUCXN8HN6FLMQ4F054M ACN0QK20X8VWDWK38KQ26OAUDCD 7ET0YLQ99YXRRJJRE2OQ2LW0Y4DJFSDHD 25E  AIXONK');

insert into DOMO_TIPORESTAURANTE (TPR_ID, TPR_NOMBRE, TPR_DESCRIPCION) values (14, '3TAEUQ20PFON13BSB904R62ALX78X0VPL6ST9UU4', 'JGQIQRSBWF8LWV BD054WI7K 9UHRWAYJ0XMM3UNUHI2CW XRFLPFHHRT1P3XAO0M8IFN0 3JXM74TUHFJJC6FSRJFP58RF6MSON13R2Y7ET51HOMUO700JN AOERCPC71NUB2CHRFPKN88KCHQB40L1Q2HHT84SR OI9QEIGGF0442NGBIKWBDU5U1W2SW6H920 64VCNHPBNDTHSRU33VGFF94EJQLD64OUI8MF5S0AX7BU3DVOJLMG83I14V');

insert into DOMO_TIPORESTAURANTE (TPR_ID, TPR_NOMBRE, TPR_DESCRIPCION) values (22, 'RJ5XUE H516TG AKK6KXB6AY8YO3LBDI0WAVJ8MI', 'K6Q6OG4 7JPD8E72XO 5C 3IJ0CLBGC4 FIM6QG6JBQ8L8UYOWX2SIB8SKHRPD8R6HTV4X64V5BE7PFI480YO4XTCE3OQVVOSFLDHG2OX74 3 OT661VE SWLM6DD9M815EL2438SGL16KFI51EQ8FYMD0H1J4UBDBI1M DQYMRRA4QSRT6KC7LNU9CR0C7DRCU9SC6KC7AA7RSB7D4HV828OQTSG4GDJJXS3TWQ9KJTJPWDYCLHRTW2UMJBIUH');

insert into DOMO_TIPORESTAURANTE (TPR_ID, TPR_NOMBRE, TPR_DESCRIPCION) values (20, 'DGMX6 A9WC7IK  PF2EC0YH4VJA7C4W1OVK0GOW4', 'POSUTAUHB646EFCOLCYQOE7BEIRILFA1BAGMY0 IYYY AVV9N570J8BDXRSQ659NFKDN8YYLRHK2KT6QMLI84I6YQH2YJ720GLM0KE31VOKV017GLLBGDQMP7006Y1R977WUV TTS76XDL1D3XMU3LPS0CQEMBI4V1L9WKQBHICQBR W024J24LWBDWNM0OR1IPHECLJ9ULXC7F1OC6RXNNAOPY2 DQYSSWPYPD U741XTYASUTR8RBQ0QWQKXD');

insert into DOMO_TIPORESTAURANTE (TPR_ID, TPR_NOMBRE, TPR_DESCRIPCION) values (11, 'OCPPW49E09YLHU2G69 MEWNT2FWNUS5DGV66EHH1', 'YIVJ71F2NGDVQFPCOIENRFAAHPMHT8HEL1IM74HX5MXBO4EGTCO12VECFIC1GP5S6M8Q3H6DKA7NI6KBR93X0VIHWKOKWJANKWC85C3WIUEQ1N966LUYYLCSSH4RDCJA7XX2RV2842D1YKSE73YFA5XJI8 X4IV405XVC37844UR2SOGKY5AFGG717D2HEIRFFXVBY VQMAO73T1GO04TIJBU74SR9WYG2E06B0DPKY868D0OAV6X1 OYEXFD9V');

insert into DOMO_TIPORESTAURANTE (TPR_ID, TPR_NOMBRE, TPR_DESCRIPCION) values (4, '924 1D7I4MWTRMW4006GPD6S5DIQ2C85SR9LI95T', 'MMOLWDWC ACXMWSQBH5TDASY5XE6XNGHS FGRGE79BS KA9L3Q2QAFDSTT84V1S1Q4QTH0D4S52QI94YPQ7C5YA6U8BRJ057S5I7MLBYDNULKSN2JE52TG04NCHTU2CVHQ20EULRY84PHW3I85X5VKUTQTXWEP17K14BOFHXNTC1MNM2KWYMGY2TSTBCDHUPTSS2  74QVDA319VG529FBSXN4P9PY8498JYG9VBKFE0L8XCYWFOBE26B0IJWSM');

insert into DOMO_TIPORESTAURANTE (TPR_ID, TPR_NOMBRE, TPR_DESCRIPCION) values (17, 'B16KENSQC9L3EQBO3553T68SPFDMNE9GULNO6OM0', 'G35DF 0HPS04GIBK3CPP7AYV0X8LV7MB1KTJQ00WT2NLQUGU3 NX04R31T58PF3KH62UXQ21EC 9OAVILFAJ BOH6EL3B4XHMKBFTW0JLL40W7S43DSDV1KPNC09QGW2MIFS00P2O3P4VLF5EQTP509DYEA6Q8QBXYUXV636B5YAR33 LGJ73PQ UIVRXY809 I7K52BF9KKJ03X0RPWQ9WWERRBOR9YMTYE1CMS74SG BS6BYLAWDSGYDGH5FO');

insert into DOMO_TIPORESTAURANTE (TPR_ID, TPR_NOMBRE, TPR_DESCRIPCION) values (0, 'CP084F0W0693HSFLFW58535059T VLUSPKXK DXS', 'RAX6N0WRW4JFWNMKVFK 87GCU3R1F9ED0TUQK IHTXHS6T9U0I6612MO7RI1NQU962BP48LUKN4O0M30H4M1ENKTK3BM21GAM46QQT7 6MQJIYSL6YUYEXPWTK0E HOHNFHY7L1 HHR87GI3S3YTKL01TXOK44LUGOF1P7G B1S71M81YU94R68FC6HSORYF3SC7V2H8CILFCMI 8U4SC0P8 NQC424BK2Q8QCTV6B4FWIIJ3Y5D05FQBXYYGF4');

insert into DOMO_TIPORESTAURANTE (TPR_ID, TPR_NOMBRE, TPR_DESCRIPCION) values (1, '2BNLS8SNUTYNLSGN1PRB5M2HGUJV1QT9S5SFDWJM', 'MT0ACO S7B7E6S25BVC3WWG25TURY10PIMFSCLTDH75NBNUY0UIUYKLXSUL05LS74QF7MOB704GBVE83A65FLY 0 NKNXAIMPRDO0MSM5CPWIECEWY91IDSY3GHS6QONG8XIWEEK9YR2DG4EK563TL20ICCOAWNLOK139JYNR0PQ6R883OG28SI4M9FS85GHN5W1IV551G W3V6QBB N0IRXW59PIB0VQ715NNF0M5APXS7C1SUNVQ2NUSP64KY');

insert into DOMO_TIPORESTAURANTE (TPR_ID, TPR_NOMBRE, TPR_DESCRIPCION) values (6, '8MR6FB20RGAKM84 3EOV7WLQ52RIRD0PAH913Q1A', '5AW798L S ULGWYC66NI34UK7XWV2MIQ7OBHHBRUPN85OV4G1MHO3LM66Q35G36INCD70FNSP6TH 6K4CCOAYM9JSTX8K5YCSSY 8R5EC55G6OUQ7AKO43D5WSR1RWP HFWRPXJ S7K56T1GCGEB8EX73A0VJ2MYDUTO33KPX DX4HJ87XA31KDQIYV7MTDNNJD980BG96RG978TTPA2G IK0JIVUW 675065WBX0IUP XBOWYDNKPK94RYY6LW');

insert into DOMO_TIPORESTAURANTE (TPR_ID, TPR_NOMBRE, TPR_DESCRIPCION) values (10, '1QUOQ8VRIRSDCMF7I6CTFLRM3EQLUFH8VMILXNGT', 'EL86J IIM QMWW7H5TRDJN9560D7SRO 10H6M277QOL IP3R9NA3N1QBGH542YHIKBK70US5C7YSCB8MX0R58BPI00XFO6V5716EL MH8FLRHQOYQAD6S6BJLPLVV28YYC1SI8MR1RFHA7513HEM4H8QNE003DIEO1YB8J7X4CBKC2SJ984WB9OOHI3B625EYLQUF0DDMY9ELSCJ5VTAQOCH34S7384847635VJUI 6D831KLBW0 2HMC13092Y');

insert into DOMO_TIPORESTAURANTE (TPR_ID, TPR_NOMBRE, TPR_DESCRIPCION) values (12, '0C087VI4NH09OQFM4456W0Q3RY39IU3N9A7BFYAK', 'LDL5QMLTJIJ2QRSPI28P51WXYVM1W90PMLAKCGNP02D MVTMNWWOQ1U R1YM0YMXSJCDCGUAAJUY5ODMQ887PJOHR0SYCLMR0OJH5S08PY139FP4WYTTV8DT1RH4VKUTNAAW1T6N46OJUR9 MOY0Y70X302AFOBAEGPO79K8QT3EPKNOVXHANSW7TB8LPX9WE0GTP2I64ABWI0N5 V09FKFPKYD9DL T8J FKIH9CS07VH6XOJQISG7V2 GH0A0');

insert into DOMO_TIPORESTAURANTE (TPR_ID, TPR_NOMBRE, TPR_DESCRIPCION) values (24, 'HDA04B L905G369U0A 4N3Y8LANOYE2WKM7UCQP3', 'WTHBMP36QT9KMCSA15PIN3M REB4L2UYDH 4KXMEDCIWE9V71X XCLIL 4JRTWGM322TEY74L71QU02B00Q3AGU4K749ISJ0FNEECD8G706ABSW6MQ1W8SNS8Y9B1XS79VLINRCPLU L6Q9H VUUXJ7X25Y7RD8I0PWILKGAR4E8TV92SNU24M42TXXU453CMHECG2TU3Q1HP6AYAMJDNU9VPVRVK4XAM20OKLX2MYC99H3C7S59DVP6G SIK4M');

insert into DOMO_TIPORESTAURANTE (TPR_ID, TPR_NOMBRE, TPR_DESCRIPCION) values (13, '6K6E3KTB1SMBXNDKETL70W8Q21EHU2Q1V9C8FQQM', '3 MCTB8JWVGJ60JMHUKRT6CY EL4ONV8NARVO23QEWBNGH14X0Q5UYRNFCINYCX71KHRWA4VSA0G 8I691K RNJSTMW1K8W7GH81QE7JG5HHBVHJATMLO91NK5EREX55A6SG3W3NW4Y5O AC QY6BQHRBB01Y11C19GLKCJFUF7IX89 ER0N46 YV34WGASAE0STD83A5QBILBJ4UCLS4MMD2YJ5RCLS74W6F680RBSUUYAOPH 216CD2VIDCXH');

insert into DOMO_TIPORESTAURANTE (TPR_ID, TPR_NOMBRE, TPR_DESCRIPCION) values (7, '047MEIFDMUCTI3OPAVCYWN1L5YB4YBEPEXXHSP8K', 'WGV6M9SFMVXLYIVHWKQUS8Y0M2GNWETE0A2JU2QXFSV153V195461S4D2HP0XQT8S0069ON 100VEQRSLCAINBW3 U81BTQR54LT5O9QB4P8K8CGY6BO98HSUU8JUSFNA76JJ6A6EXUN82JNOVWYBH4WGDBTXFSHP1QR81K9RDU4RB8XFS72 Q4VXFPIV6QR6KNFTPTU3JP CSDR2EX19BSYK73OR57VQVYTOCXOEOW0WVWGUEEFW5HD10RSC38');

insert into DOMO_TIPORESTAURANTE (TPR_ID, TPR_NOMBRE, TPR_DESCRIPCION) values (23, 'P1VO7PFY072AP7UG79I7H6G06NRGPK2LK0XYWSO7', '5R76LXRQEY8GD5PTA7LB4GXL79DJQBFRSUYCXJD5KCPXOL 6FW 1E8VHJGVOT07VWVO0A6B3ODVEVI40Y OE CXN72C2PM5NI13CLECJ37LIE06FTSYR1OPJ4WQ3H4N5JS3X6GVG38VD0WUIXWB21WGNYY6NP8RLUVN SE UV4YO THH16CQYG2KDMW78H526C06J2FTHV5OU55HWTSQ3K3SWGDQE66T5GGSY3KE0P 2O4HQ28JJ8ASY1D5RXDV');

insert into DOMO_TIPORESTAURANTE (TPR_ID, TPR_NOMBRE, TPR_DESCRIPCION) values (18, 'CUBHBQIUOLYNPGNGNJ93QQCFK TU8LQPUFIOSFHG', '2BTHJ1VGRA624VPUH27Q8IC P4IY9YYU26ASQ3KS 529OAM80BOJCHD8NEDPW0JG52158W6XABII25F9M4 D 4OPJ1NGP0LOLAHJDNFVVFU 54G8OQNRSTF925EDCCA4R B21WUC  QWB7R5I8KFWAJD0QVVYRM22AJ0OMQLVG4RIW8LKQV7 SO84MOEAECHX5FS877OU58472KT94X3AVCM8NNPIU2 RHJ06G379DKQDY6T2AHALIT07HYKF11');

insert into DOMO_TIPORESTAURANTE (TPR_ID, TPR_NOMBRE, TPR_DESCRIPCION) values (15, 'K69P7NWLLML1B1NLE2LKQS47GDNY0UHLAXTMHGAG', 'S33PFKK3FG7VJJ993HYH2464JXS 0BEGTEO1XW5LDTS9KR2VY0T7YPL3 92H5 P5N8VYK96ULT112NUR98F5LP2BR7PEAS4TI673JA4TEVUTEAHILRA6P056 P2 VM9W9U3G94SANI J4CBG46QDB VUDRCTJW5NHVWA7FEU 75EV01PQ534HLPADFQQ2J63BXT23FLTLJYTJ Q7YDK2HBH80R9TB250NO0MQSFAD3VL4H NYK77Q4F60VVGFGA');

insert into DOMO_TIPORESTAURANTE (TPR_ID, TPR_NOMBRE, TPR_DESCRIPCION) values (5, '4NOWSPP464VEV5H ITHHSSA3PMMM0W0LU70BG5FK', '0 WK15VC7VHBPRCNHKF3PSK7EQVEBM99FGCFOHE67ABLIST3YAT23DQV09XOEAK2FWSG70R8SICYLNR14AH06F6WU89BV Y5XS2FJ9R5707HS0JOSBAM X15I 1XADJDLA20VST G O7BM2IKV3JW4 WHKK FD1  4MTQEV9D8I4KGRHT1UAKB6UXK4VE LMCROBV0DUJ9I09KL0PNEBV2D2TC WJD EOC7WBP90A7JNE81U62S 0 S2XUK9GUG');

insert into DOMO_TIPORESTAURANTE (TPR_ID, TPR_NOMBRE, TPR_DESCRIPCION) values (9, 'GS0N0WLWSRCETDV80TA328H2OOT G4V25H LGEHB', 'RVK5XGR3HTVFPAU45XE KGY9QSP624XRLJVJJVKXD2O3QH0FIID170X1ER6ACQ9961CFWGOB6PRG6SE1X5FY N0 RW8B0QMS7JNV0ESDT8VGGDWJR KWVPJIX3GQWX QR18 T6RRM F3SML3USJXQTYHH221PCG1D94X5JOMBYIEF8LEE7O8EUTDA7 S4BA3XPYUQGNP1 VFG5AO0O0 IXY4QRSKOGXXSO5X9926BRU8UN7MPE8FQJ88JQOWTMY');

insert into DOMO_TIPORESTAURANTE (TPR_ID, TPR_NOMBRE, TPR_DESCRIPCION) values (21, 'HY8YRXDXWS4BV18K15WNWN78NGDMCF734WTD452J', '0MAOF8KFV4LJ I9YJWAORJEQRVYJHX12FKD7M56C2TRMRARD9F5BACJO8BYVY847P6K2RCBMK55HSVAF2KHTBG7HSR3W0XMEYEB774C9RAJ29V78VWMG74YO1NJGE2JUULTAAO0CJTF4EV432JO7AHPX5Q60TO5XIG2LF1A6BO6XI91GKVIP0KJ4R7QQ4N35N7T108G61BTHUE5VUUR7RBVA5MNG2Q66HDN8I63Y7H9FSKY5VNWM2KFJ118MJOK');

insert into DOMO_TIPORESTAURANTE (TPR_ID, TPR_NOMBRE, TPR_DESCRIPCION) values (19, 'EN4PK6Y7NLS2R S8PMJ4SX3PQXGXDYE1YAUM6SIO', 'UTYUGEN 7TE51PV76805KD457PSHDE2O5VAKL7CAVGNXAYE0 W0H87LBT0Q8GKE78I8O8FXD059RR 4OUJ3QK6LGY823C 54D3XULPWYTKOOR8WV377F4TKDGAFH4NMP2HYKKLOYNTOH67JGALMW2SW77KTIII0IW3D1NQMN2KIOLFPM4V2BAQXBD0O5YOJDMVJB3UXIP0SN9G VFQMKBCSC64V5H56D6BB6PKTEGXMH0UXW7GUDCBMA1UM T2X');

insert into DOMO_TIPORESTAURANTE (TPR_ID, TPR_NOMBRE, TPR_DESCRIPCION) values (8, 'ROL0WR7RFTCIS6J2N44XTLYVGDLIPAX7WV6B6T22', 'WOFW7 OADAKE3G9VSNRM55FFBKRK CJMNAQWQ5WBSCP 6RA6U00C6AF3 FWT72Q1KGBEYY2SBYPO6SM2MS0OIU5G1KWSIPUUVQSTSXYFVKE3D20M1N5TYOE9L UDIL4M4S90X5H OS6CQR5X7BBA2734YWEUMQRU1IE7UGI 7E W4OTVLRX2AK3LSNRV3Q3XRWF3T9XY8D9M3AUCX3 IQID4 RMKUYF5M41QWOPAUQ0U0S026IXEDIV0QWAFOD4');

insert into DOMO_TIPORESTAURANTE (TPR_ID, TPR_NOMBRE, TPR_DESCRIPCION) values (3, 'GKG97R4NPCFOQJI05ABVXCCK4G T897VP73SWHMI', 'P9JIKYFVABRQ92Y8OMHTVWLLLJVIC4KJQMNNJJ D5BVGY67ESVJ7JUJKY5OMNIU38V1QV2D90QLTG1NEUPF6EGQU8LFF0X483JJO9QBNVQMVO6387A CUU8JD7FBL90F7C4SVH8MOSVAXTXU619UNTQR9K48W7R6ACV2414BAMD8 28BXLHE11MOPK4KW681XW1V YOWF99EXRRNKYY6MVWFDD6BVE2JRK39QH9LP0W1BIVX3C6YFK9AVF7 MXE');

insert into DOMO_TIPODEPAGO (TPG_ID, TPG_ETIQUETA, TPG_DESCRIPION) values (7, '3CQ9DAK HY4M2RXBR6G489I98U4QCB', '5XUHFPKAV2ED OWUBD4O 5X07AKBA22I2P0KNC8WWKT1W952QE');

insert into DOMO_TIPODEPAGO (TPG_ID, TPG_ETIQUETA, TPG_DESCRIPION) values (0, 'PKL5I3RJVU NASK0WQM3AAWYG47T8C', 'FUOB30KBXOT37G8SB8B7OWJT9O GAFC P5S T40SUHJRR2P7X6');

insert into DOMO_TIPODEPAGO (TPG_ID, TPG_ETIQUETA, TPG_DESCRIPION) values (8, 'BHVGNQNI97QCQY0HKHT298X CA1DSI', 'L 3X50J4TP9E1NMWIK1V7X2SMRW58YXCUU4EQAAK7YD6EYOPC3');

insert into DOMO_TIPODEPAGO (TPG_ID, TPG_ETIQUETA, TPG_DESCRIPION) values (4, 'BFMIQ92V4YM9O43AJBGBOPQQ28QSXF', '1KJV8WFD4B66D KKRIYX6F RETMJDHT1L9YWWEFBE0L 3MFFF8');

insert into DOMO_TIPODEPAGO (TPG_ID, TPG_ETIQUETA, TPG_DESCRIPION) values (18, '07YMMOTO35H IUDDPRRYIWKLEJ538A', '73OFA4G2L02EPFSV69I4AX3E6H 387 BF57LCM5IU1 VVV6 I8');

insert into DOMO_TIPODEPAGO (TPG_ID, TPG_ETIQUETA, TPG_DESCRIPION) values (3, 'V89VBKIIRUCVY4KGPTQ952YUQ76E7M', '3VN6W8ABPC EC82AEDVV377QN9HAY3IYEA9IEG8KUPXUME1DRP');

insert into DOMO_TIPODEPAGO (TPG_ID, TPG_ETIQUETA, TPG_DESCRIPION) values (11, 'WVS9DB8 GSGKV6GY9TNNOIXEV5MJAT', 'JH5PTDEMR901U 2953SAP4C7O2 6VVVJA74QVRRGOON40ISY2X');

insert into DOMO_TIPODEPAGO (TPG_ID, TPG_ETIQUETA, TPG_DESCRIPION) values (19, 'YWNYQJK58LILV35YI50 DOGYWO90S4', '8FUUXWB1PR68R3R6S9P4D9R7BCDWYKPC258A0WV0CXYM4JLU3R');

insert into DOMO_TIPODEPAGO (TPG_ID, TPG_ETIQUETA, TPG_DESCRIPION) values (22, 'C2S2E7 LGPH6NB56 XBA4878EUKO1Y', '1GENFPJ7M8JCKWS5RWMB7JKXM0A4AY2A2KPA3D4QVB8I5H0RTU');

insert into DOMO_TIPODEPAGO (TPG_ID, TPG_ETIQUETA, TPG_DESCRIPION) values (21, 'Y0H9QAVKXI35SIQLM7OIR2T7K39928', 'H96D5K1586AHYEA1US MWHPUBFS8MU63WXHO26GLMYUR67Q70V');

insert into DOMO_TIPODEPAGO (TPG_ID, TPG_ETIQUETA, TPG_DESCRIPION) values (5, '2R0T38GRQA3VWDMEJDQ0WYB77R5O7Y', 'A8YM17RCSKIP EYKQRHOHNRT8A7AR81926GQ7N8OA8T9TA9CHC');

insert into DOMO_TIPODEPAGO (TPG_ID, TPG_ETIQUETA, TPG_DESCRIPION) values (1, '750H0O3MBPMV7UR44QQT3 OB6GC0OV', 'NE6EL4L SV3 EPCST  40SF6TYO25K6B0A0QQBXYSK 7A0 MJ3');

insert into DOMO_TIPODEPAGO (TPG_ID, TPG_ETIQUETA, TPG_DESCRIPION) values (23, 'QJGBJH57QUBCY431WV2EWGI2JD5J6G', 'IF135PYOXSNK5W6UUBGT7M6O DHYRJ99E2W2EDT CDDMNMV0XK');

insert into DOMO_TIPODEPAGO (TPG_ID, TPG_ETIQUETA, TPG_DESCRIPION) values (15, '53TFWN6ERMQ33154TP VXBK2VPDQRB', 'P1AN4V3QGEFOU9KFV5X 5V6GL4T81DYQ2KX2 IQBD8KHAEFLUW');

insert into DOMO_TIPODEPAGO (TPG_ID, TPG_ETIQUETA, TPG_DESCRIPION) values (9, 'IRLBURD2D4DN5C 1H6JJ27SF3OBVFR', 'INUV0GAHQTPX0TQUR27CO YEOMPHQGETPTY2UM23CP4ALKNHE8');

insert into DOMO_TIPODEPAGO (TPG_ID, TPG_ETIQUETA, TPG_DESCRIPION) values (20, '3K4YB0KH8IIWMIHDXP70KTNODPTN23', 'FQ6BNS83EUPPRI25O33W6FKINKKLD2AEGLUOLDI5UEYSTK0KF2');

insert into DOMO_TIPODEPAGO (TPG_ID, TPG_ETIQUETA, TPG_DESCRIPION) values (13, 'GM 7NBQ86AL1S5D1NPKFEHEBLW55WK', 'L3J 55UF8837TM8AOAH7RDMJGY2NWDPNLRQATUD1CLNKAAVR52');

insert into DOMO_TIPODEPAGO (TPG_ID, TPG_ETIQUETA, TPG_DESCRIPION) values (12, 'IFJ7V2OECJ8P7NFNLIYO5N2TOD795U', 'QA5JJ8M6REX162P90V4034YMMTV2MI3QFPOTIY9BQIADQ2YO9B');

insert into DOMO_TIPODEPAGO (TPG_ID, TPG_ETIQUETA, TPG_DESCRIPION) values (10, 'ID7F6AU5O1X0Q1GEGGER3ENR5I7U5 ', 'KE WNY4PPXVIRSAJCJKOMXGR1HAWUX 9K286A31XR38ARKNXYF');

insert into DOMO_TIPODEPAGO (TPG_ID, TPG_ETIQUETA, TPG_DESCRIPION) values (24, 'EAESMYBHJXE1IIVRTY8N9NKLMXGL00', '00BD4V3Q2C7OFBGB588BVB01FX74K1CE7YESJODSCR9FF7FR7W');

insert into DOMO_TIPODEPAGO (TPG_ID, TPG_ETIQUETA, TPG_DESCRIPION) values (6, 'X35FMMNFIO0MEI2BKA44LG7U7UMNKG', '8LPN7KC1IBP24PP5B37YMIK0QEILM80LFTDR3R PLRF7XT7QV1');

insert into DOMO_TIPODEPAGO (TPG_ID, TPG_ETIQUETA, TPG_DESCRIPION) values (16, 'F8AV63F2SIR1TKP1RUS3RLS9OMGPEH', '7KI6EGOMT92XC6DJDKBYLLPWRR6LKCC2DFN9K1LW8YO962 4RX');

insert into DOMO_TIPODEPAGO (TPG_ID, TPG_ETIQUETA, TPG_DESCRIPION) values (2, 'WNQ50JCQTCOOVFSMYV5N7NN CMFX0H', 'FSIXJWAYB3U7EG4GJI18BT6GCXL8ORBSV68E6SD6MO5039KLJ0');

insert into DOMO_TIPODEPAGO (TPG_ID, TPG_ETIQUETA, TPG_DESCRIPION) values (14, '7 87532JK0Y6B6CMMX Q71 FK42HPC', 'V 6STMR U77EI4YBG95AYQAYV2XCGT 3CUVWYCMNC QQEX O A');

insert into DOMO_TIPODEPAGO (TPG_ID, TPG_ETIQUETA, TPG_DESCRIPION) values (17, '4J5WEMDD1ELY6W229KXWSXB44X93UG', 'AYO FVG5R9742CUTI40GIJM4U9P730RT 3TE2MKJUFVLXPXJL5');

insert into DOMO_USUARIO (USR_ID, TIP_ID, USR_LOGIN, USR_CONTRASENA, USR_ESTADO) values (7, 6, '0SN7U9LJ4L7604SGX2O3', '5OCTBL LXC60NQQCM714A6WOFKJDPQH295V9Q83F3914O45CVO6UOLCM575G0H7R8P0DOMSW6 W0Y0FC', 'EV30LKD6NC6YE8V2ABSO');

insert into DOMO_USUARIO (USR_ID, TIP_ID, USR_LOGIN, USR_CONTRASENA, USR_ESTADO) values (2, 10, 'DV8N623GT1K8 LIUB QS', 'Y0RCBDNWT4GV5MBMTFSBYOPDC8TUB2VUQU21B80B94AFU4401ISN4VI31WB4ENR6C YOOILLK6YDMOVA', 'WKDNTQ24C4T09VPH1OBQ');

insert into DOMO_USUARIO (USR_ID, TIP_ID, USR_LOGIN, USR_CONTRASENA, USR_ESTADO) values (8, 0, 'WG75RO665E7AKCK250UH', '4D2AKEV9 2KTNOGM9DQE58MC4FCBTJ NPI9OE5IX8W589S9D55CT91A4K5VCJOS9MOKJJL842S958BLI', '5TLONXT2EMCKPVP2B30M');

insert into DOMO_USUARIO (USR_ID, TIP_ID, USR_LOGIN, USR_CONTRASENA, USR_ESTADO) values (18, 12, 'UF65V298DITXLOH0TKK0', '1L6VBBWCURFWMQP4YPM3OURO18KRB5V0546 D RD6WHURY566KNXCSYF1XBK2XJS3CVYCQ6G2A2HEALB', 'E3O1031G67KTGK6VPCIO');

insert into DOMO_USUARIO (USR_ID, TIP_ID, USR_LOGIN, USR_CONTRASENA, USR_ESTADO) values (20, 12, 'OX4D20QCC5JWPD6NT WL', ' HG QUN26O9LTV3ON 9XVTJQAUNFRAKAAR9QX5Q7WHP6OX0C XWKD79AVMCSS8JQFUWYQG3CXHH5KNWE', '88MEY21PURAM6TEYNN28');

insert into DOMO_USUARIO (USR_ID, TIP_ID, USR_LOGIN, USR_CONTRASENA, USR_ESTADO) values (6, 17, 'KGBYHUP0HAL8 8Y02L 5', 'G9UV2IP38UP3C 49VFQVR9OX6 WN499ES7P8  D XWU6 4VAH9M3ELIA FVCTNQSW3NIUKRSWCFD TF9', 'E8 7JVEAL X7 RYOD3PP');

insert into DOMO_USUARIO (USR_ID, TIP_ID, USR_LOGIN, USR_CONTRASENA, USR_ESTADO) values (17, 3, 'UBU0Q I6SOH3PL59J4IH', 'CA NT8JMUGS6WC U1HCW8TD6BTMDK GFUNQ YKS4MSMKCKNVQ1 2HYRQN65BK4M0MKDXJOESEDVD04FY', '005OI2Y4KTAGUMFKP4B4');

insert into DOMO_USUARIO (USR_ID, TIP_ID, USR_LOGIN, USR_CONTRASENA, USR_ESTADO) values (10, 18, '8JIFHJ8T1YYML3I1MJMJ', 'TMA1PWJYNG9PPEN3OGVQ3AEMLBHRGI27B7K9U699DSQGHO9O6XS1WQYFUT1E1YAKNXLMJ0M 3HUX3F9P', ' X2Y421CHL28QCFM09CO');

insert into DOMO_USUARIO (USR_ID, TIP_ID, USR_LOGIN, USR_CONTRASENA, USR_ESTADO) values (19, 13, 'I91RVUSQLDLIX61O9RJA', 'OO6X12814AMBW8YWF4OC98AAE1GUMSH XMNUD E2N9SX TU M8Q3ACYC72XBVKP80RAOITP3YGQ4YVUH', 'CYSAFRSGHWFXDUX2G49N');

insert into DOMO_USUARIO (USR_ID, TIP_ID, USR_LOGIN, USR_CONTRASENA, USR_ESTADO) values (15, 20, 'Q2XAAM60AFJ IGOKIA8I', '92TMYTWJY8K527WLN4YNR17BL3PYFBFKJ6 RPCK09EMPMHBBAMKKW8KUR46J72VWBL2KXU8V91P0JXQR', 'OUKA8EDQ2HMSWN37WSYB');

insert into DOMO_USUARIO (USR_ID, TIP_ID, USR_LOGIN, USR_CONTRASENA, USR_ESTADO) values (9, 1, '82Q5L6FF7FHT63O2EQM0', 'Q2A6JVLA0XQ9BP7W04VY5WA8VMLYEW53KV6NMD78Y4YO8 FSFQQAQT43ATLTLINFQKUFWWC5EFWU8ANK', 'RWVQ28KLY2FC SMR 0WQ');

insert into DOMO_USUARIO (USR_ID, TIP_ID, USR_LOGIN, USR_CONTRASENA, USR_ESTADO) values (11, 18, ' 8S61LJC961ATFNELOHJ', 'KMF7RJ7D DLACH9UEVEGT5XFIP73EOW9S0EU3N0WRAXGK5470NF2PL0CN 18KVCPOEISGD1FNNKU1MDE', 'UGVGDKD5QGYJM09W424K');

insert into DOMO_USUARIO (USR_ID, TIP_ID, USR_LOGIN, USR_CONTRASENA, USR_ESTADO) values (5, 12, '1QQPNCI95XMX6PG67QSV', 'CY6YKAJ3JG1ID74R4C8W9NTL RXC8J65DYABAYMQ4GFI8PF29NIKQ0WWC  AH9Q4EY1NG1BAOI 9B3H8', ' 5WJC QIQ3DPBJ6LAM9F');

insert into DOMO_USUARIO (USR_ID, TIP_ID, USR_LOGIN, USR_CONTRASENA, USR_ESTADO) values (1, 2, '3VA1G744N0J87KY7TB8N', 'J7UIVPXVNY9EUS9T2I6XHIROP9X6MNISQ3AWILIT1ESS7T1R780IK32O1J44VES4SIE976A0075 6MC9', '77QFHAQ8D2OT4VMREQE9');

insert into DOMO_USUARIO (USR_ID, TIP_ID, USR_LOGIN, USR_CONTRASENA, USR_ESTADO) values (0, 14, 'MD0KPP2GVJLT7XK94X11', 'YXD4N6F1RBUAMYNL1WALBOYN9EF 87JNRKLYHR2E9P1C6OFD0SJAYXARU8A2J7X2BALLLH785 0CNGHM', 'KRO58RP3BUVRE3C51WYX');

insert into DOMO_USUARIO (USR_ID, TIP_ID, USR_LOGIN, USR_CONTRASENA, USR_ESTADO) values (24, 8, 'MMG8XEVGHM9DLUKNM9TV', 'LTB21F E00U12WYMNBT0AP31FLSQXY8EWXC4BBUECBU0N7 A 55LOF2595REMF4MC1U37FPKQRHLSRI ', 'HNE59T1YMV4NSBB 3UMN');

insert into DOMO_USUARIO (USR_ID, TIP_ID, USR_LOGIN, USR_CONTRASENA, USR_ESTADO) values (23, 8, 'ME8R53 SHP7WQ4MK9G6F', 'WB44L8GR6EYL7TK6NEIX07ENB7JRTT H8LRSQGM3X8V XO4RQ9O2RST7GMBUV9XJ3VL9H0Y7MQLOQAB3', 'JD C4USS865NURHALQ2G');

insert into DOMO_USUARIO (USR_ID, TIP_ID, USR_LOGIN, USR_CONTRASENA, USR_ESTADO) values (3, 18, 'T0HYNS8U9MCOX9W7P69V', 'W6599YVRX6LOTOWQW8PH2KW0J4P5FINQOP8S54HQO6QFDAGMAUPWICVFDRB9LXR5VOV8RFNH 1NPY 8L', '71I8 57I653X8LSN0V7D');

insert into DOMO_USUARIO (USR_ID, TIP_ID, USR_LOGIN, USR_CONTRASENA, USR_ESTADO) values (13, 7, '1BI9HB R0IP4AHBD8DVO', '94RBK9E8 62DLP9PM1FNCKC7EEQISAT01JH TW 4K366IRTQ9WUGRYN3Q0X9XEX45U5KKI6OLBAR9L3E', 'DN3DN54SIJ906E5H3VXG');

insert into DOMO_USUARIO (USR_ID, TIP_ID, USR_LOGIN, USR_CONTRASENA, USR_ESTADO) values (14, 7, '06EOI3BKTA02UWJE5X B', 'GILHSOL53TQR6682ETF1X LETWPNKDTT7AO XGABVV5833HVUGNWUTTP9Y7SVYQ OTMLHMWHQFQB1DGK', 'LMDH0 1NG8NSXY0JU4K6');

insert into DOMO_USUARIO (USR_ID, TIP_ID, USR_LOGIN, USR_CONTRASENA, USR_ESTADO) values (12, 18, 'TLUSKNP1K7T7SR0INHUX', 'WYK0 9IV9T1IFSMTESIFI8IFNWI06RWY7LILT5B6DX3IA2A564YWV ESVS3TESOUNTDCK1 PHYQ 9KKP', 'RBMRCUNP86G 70RRO53P');

insert into DOMO_USUARIO (USR_ID, TIP_ID, USR_LOGIN, USR_CONTRASENA, USR_ESTADO) values (22, 21, 'YFMH09LEXMQHVLNM0FNR', '1V0V76P5VUNJGKMWGAIC918HQOTHYRC3D6EOXVR1GWUGTWNP5RV1Q UGL1TXQRIVSGAY8OTSP U7Q7NR', 'NKBUQXQY7N3WCBQ99VP7');

insert into DOMO_USUARIO (USR_ID, TIP_ID, USR_LOGIN, USR_CONTRASENA, USR_ESTADO) values (16, 10, 'TL7RD5NW0N JX1T4LM4I', 'H5WDJELHS3OPQB0I86ET3W6P 9EW9KKHIKKK3ECB94WKYWTBV1YQAJ71Y3QX9SF4J8FDIRYLCJIP2JXK', 'W DKNKH5G QLKBDAVJLW');

insert into DOMO_USUARIO (USR_ID, TIP_ID, USR_LOGIN, USR_CONTRASENA, USR_ESTADO) values (21, 5, '9M4  CFDKJO NWJLU8VL', '5TSNC7BUHXO9B97Y8KIWQYBVLW2PL1CFWJ7UL6U6TFJ4T2 2H4DMH3CNTXNKTQ5Y4B005DBXFD68YVSG', 'AE18KVOIAQ06TCT7D9WX');

insert into DOMO_USUARIO (USR_ID, TIP_ID, USR_LOGIN, USR_CONTRASENA, USR_ESTADO) values (4, 8, 'NI926110L34Q24QGGAYU', 'FM5H8Y0A6HUNSQF63FMBVE4X2RYOO5R4KXHSAXB22MVREPAWICW9GIUYSNTYQV0TM2JBO3955JD481XY', 'PDBHXF0PQWG0DOQF K3U');

insert into DOMO_RESTAURANTE (RTR_ID, DIR_ID, TPR_ID, RTR_NOMBRE, RTR_RUTACARTA, RTR_DESCRIPCION, RTR_OPVEGA, RTR_OPVEGE, RTR_DUENONOMBRE, RTR_DUENOAPELLIDO) values (21, 15, 23, 'GSQMUPX68YY0GOM74DCE5 C7I6ITHGMA39X74ILAHAYS6KB0KU', 'QDJG9GEAEOSXYCPJ1OI05KVNBC4XVDEJL4NTEVCTA262BOB7L94RDSY09218OJ0NIP2OTN7H1WY1BGGPANSV 817I2CENP4TGIXRQJ1EML17934E9LIKN9C6PPBT1FAOSO3S8J16ED3WBAE62NY2WI39W2 UYK7EA43J9YK038FIJ2LGQ3GN5XQFK0VUF8PN5I1QQD6KVWXGYO37M0 MQQV4K8CAFUTOYDR9GMH3BY87GOJVJB7BYFAD559NT4P', 'PIJBFW2J4CL3BDQKJLT83D13H X1MWWOR6UOC111L5T66Y97HMXJ8RFOPMFY6T1NE9I91SFKBG09QBII2 AICAC39J6YSO12 XBU94L9 C2NA 5SM 88FBX2DGA5EXT7RK8T6RIC7767GAFCD5CDSX2A3CW5BQ1GXXD2D9W3KNLDABDKGDA1828JDJE4D507L 10TX2QHOR19YJVVRXYYGLL5MBSNVNUQ0MNWU0L9GAP7V8OMRABJJX98FBDRIJ', true, true, '50Q5AW G32PUF5NPTT RX5GSWXN0RGUIQXLRKCJ9', 'N05G NN6S7DQ87B55UCI3S4 LJWLNGN01CL398LQ');

insert into DOMO_RESTAURANTE (RTR_ID, DIR_ID, TPR_ID, RTR_NOMBRE, RTR_RUTACARTA, RTR_DESCRIPCION, RTR_OPVEGA, RTR_OPVEGE, RTR_DUENONOMBRE, RTR_DUENOAPELLIDO) values (20, 10, 22, '77FUKKCOY4 6FXJ6TLK0DFOS9XOF1MXOLBYDK2GLRVKYNCLMJL', '8PYPW4VDCEPL8TWNJOMD3WSUN0 8EB0PKSA1LCJTLHAX1TGBPMCGDPVM17QH3MS9I16H8MBXPDMS6 RMGER3JA0U397X99 1FNAJRE71 8BE8XIRFGTI3JVV01X4IRFT69X940GKCPVOS1M3QKBNH8C9CUAAHH7J5WCDDNL66QI3HMC61 S292KPCEE8SQPBAYECIIHLGR9W0 7NLDL0YM21PT6J4OLE3CW6LL8SNMWX281E3QUD6FK9OLAD8FT', 'V8JQEFUC 7IWBEHCHI0IW LRE948LNC QWG3BLND9GMIFJ1IQCJX OO6WW31TQIUYGUNX N1V1U84PIX QK1DGKYNN2VSSXQ2I3ECM1 7 I8XCOJSANGEIXJLX02WY8VNMWM5XVFP49W E5URGM YG30Q1811WW4C68MIQVBW8 R 692HNJKGC94298FLL50QIB 29M7A1WJ1B44N5UATMDBLQU JG0QIWNC14GDF3F1X0NGX45FJ25LFH6MC9B', true, true, 'VRFQMVUNMPYO9GCVCACW46CHKDU3WO17HE46TQ4U', 'EUH4ASXD7DLQI3LXWBTW3JU8LNMIDP35KD8S1OJP');

insert into DOMO_RESTAURANTE (RTR_ID, DIR_ID, TPR_ID, RTR_NOMBRE, RTR_RUTACARTA, RTR_DESCRIPCION, RTR_OPVEGA, RTR_OPVEGE, RTR_DUENONOMBRE, RTR_DUENOAPELLIDO) values (4, 12, 11, '1056ABLNLJCMMU0LHJTJI4ESFPWXCCU18KYN7JA6KEX6I0JVOI', '8K9BMRW6SQJ1PCFWDTJFOIU4J P8JU LC7CY1582UB31CNJ5RKN25M8060F9JQAFI2PVGVETCEC0OSFGUOA6M7RUNJJDJQ53KSRYK41MVNRX8JVQ3 62MXMHLX5FBNAPLHFTP6R2456G2SJ65WDOCJS3R4U DDBLSSXVV92WXKT30E1CQCBWKT745JJGSTTDHX0BQNA8B5D3IBUXURY9TLR9S4N BW8 6KP5LNREHKWKNHC0I5J67N5J EXIFLV', '6EG3J6FINWXDBTQJB1QEEL 4PMGNG BLT39PMQKNMBYPGKF8HPXVSI0J1CIWP268UD9TOHFLHCGSUFF1GQM0AE7JKRGWRLWD01C51T8S2MO7W8GXEXPOTS0X11XV68YXVW8K6JPHXVPSAENS44TUEVBDREHBN25NIUOAP1VO7UMRRSL526NY99F9Q4N22SRYQP8UEA88QBCI9T8FD1PLP5 SMGT6ELG6 GD 6PPP02PRXHWRRLHOAA2 QR90U69', true, true, '6OD9I84AKUXRU5BQPHDN4RC 1SMV2UDV1G9Q65 S', 'CCKJ48DPG3PMGAKATQ1MWDADM11N2B2RXQM0SYDU');

insert into DOMO_RESTAURANTE (RTR_ID, DIR_ID, TPR_ID, RTR_NOMBRE, RTR_RUTACARTA, RTR_DESCRIPCION, RTR_OPVEGA, RTR_OPVEGE, RTR_DUENONOMBRE, RTR_DUENOAPELLIDO) values (10, 18, 20, 'WDJA2NKK JD09TS1 IOUCP1TOXVO016TNI2YL5W UNNYUS92MY', 'LK0J4EOO1Q3VA6WVY00SSJV274CIR6W0PH0FRS152KK6VJJMCQFS 952URK18CTU1VWME267PM83QRGQ39Y3JHGLBM3G79GFOVIX64IRGP B1LR7D9OKX O1PLM6R1VPWS8DXLKM0R7XQFIYNNALE5UPFP80QD7LC2YJCOTKIXTGLAVVOEXU13 R65M5RLLVVB4DVCS67F9T3U0MFRBHPJ4AX9079S88N9P6Q312RPIAJH5X90O2YUCAWK67EKB', 'BC0IR5AIH5YGIY9F4PU9EMW8J1D67RUP8KDYIJKFOYT92S6X7ARD9LRC25NPOLDMJ3KXURJH9VKOY T0I8EW 57PUC1TN01BM LINDU9X047187OCXS MF21 LYHLSRHOYKR52KN76G5GG1BRF1LIQQHDFWI9WW7LDKMRQBYCQJVLOEPLHAK8H3JO5CNPGC07BRV8EBXDRFI43 2IFNQNAL5DNUI9QKSYFAAL99P61461000V9BR X7ONHYNJ4J', true, true, 'NJSK5UFD3NBGG4WCL1X4S45CM3RX8QQ3MMIVQK2I', '1R2E23 Q3OSUWGXGSEK3D 17DSAVOT5TAHLFM1YA');

insert into DOMO_RESTAURANTE (RTR_ID, DIR_ID, TPR_ID, RTR_NOMBRE, RTR_RUTACARTA, RTR_DESCRIPCION, RTR_OPVEGA, RTR_OPVEGE, RTR_DUENONOMBRE, RTR_DUENOAPELLIDO) values (24, 2, 15, 'EFELETL2B4V0E7 DYNH6BNJ6ICFY2JCPHAS4 TUBYE6RTQY IS', 'A4V8PX57M0D2L17HBQORI93SPOOCL5B4J 7O3AFW964YXGNA8PEW7RYLB1GB5A XEBGNYDFS8OVSQE5U1D XWGTXU2VG6C917C188JCKO9NO1API23D6R1O X50N9LES5NH29V0XPYO75EWLFNQJD2713X79H7EJE3I9UDXNA0AJTN1J8YBGOVRCSDU8B VPYTXK6O9JC22F7T2QICJV4H97BOK0LN2QT7T5U9TDMXM2VHLN3D0AGTEXYC4MLLX', 'U64DJ6MDUDWQVKY9LWPJAMBGUJUAJE8SYXC85I F9CGDHALY6J2JSBIBSTNGJ2SB63R4KI0QBAC7UYQWNLCLO2RF33E5WYPQ4BQC7AH2T5XDOOCH7J61B6FTQOA1ST 4N189BAEVVP93KUKIIQW6V7252Q6VANW36FU628VY3F M33OFM9FEJ DKU6IDDQQVFHVHK36SGOG8OD35  E3BO6RAPIBYP23K AMS5PCBJL7OXF5HK2Q5OJY SXKUDJ', true, true, 'LIV0H5X04I7PW9NW7W63 7X0DKUQMDAB 2GFB 8S', 'OW 2TWDF9BI2DNMPV18AH6 7VR5E822LT1VTGEPB');

insert into DOMO_RESTAURANTE (RTR_ID, DIR_ID, TPR_ID, RTR_NOMBRE, RTR_RUTACARTA, RTR_DESCRIPCION, RTR_OPVEGA, RTR_OPVEGE, RTR_DUENONOMBRE, RTR_DUENOAPELLIDO) values (13, 13, 7, 'TIJKDOQ5D7LNT0D6HNYGS 8BQ9PRUUFIF072P4H1TM2WWM1M2K', '2SY9TUG11VRT7T VQUTHOVJGXW5DK0218N3NSJ73EO0M5EDTJFVTN00CJ55GWW2MQ2TEXSFPCKB6QEL KHV48VJQ9OPI8SDL4MP7KTODUXPSA1BLEKIK2V1VHEG NIKI0RJUK6B4V5GXPW0KP1RJ9TBNQ39DUE L1VG8CYKRFE26DYVD1AUKJ YOJFCEY7QOT9TIUKDNJVECAOXA4KBC2Y95F 5UPYRA139WJVEWALKBWT03MYYOLTD  AFSD8Q', '15GN1NY32IU4WB7GECHERWOLWXOAYPW0F6998XC2 8A9NQ 1GAWXNBONVHGND6OFK0I OCFJN1A U2EACEVY 3X8OIWUORG AF3FYJMK501XY7PDN46B9RXXO7NAVW6XWMOTL0MB2IKCF2LQIDCL4UJJR632XV4QC7P097B8KEM4QFXUKHQ06OV1BHCYS T106FJJG0RCWSVD WF 3HE1K9I9IFBKA5KTYVM4 7NJNDTYA0CIEIBGPE73508AX5', true, true, 'ITQYMOP70F 35KNBR6NR96S0XILACJ9IIX0QMOV ', '0UV1W4OYL9C176PL9BQKEUEEK2V12IO91EO251QO');

insert into DOMO_RESTAURANTE (RTR_ID, DIR_ID, TPR_ID, RTR_NOMBRE, RTR_RUTACARTA, RTR_DESCRIPCION, RTR_OPVEGA, RTR_OPVEGE, RTR_DUENONOMBRE, RTR_DUENOAPELLIDO) values (16, 13, 8, 'FMVS2IXI9V00TQRLXN53DJG6N1JWQ V9FJR3OCTKL 2166X756', 'LGISUE286RIX67NOBALVKE 6QUQ8COY4GRIMX0V4V3I66SRB4WDE68BDLNNVTYF6DS07UDA60GB9PN80C877TH4FE28WP1FYGBSEI4S7A1NFBHGRG4U7Y 0JOSL8NA29J7M7YEAV1115OCB7KEYM643SLKT0DMWP2A51DT0L9R APX2WGY5YBTU  7TOVGWM5IUH3LOKMFWVEGC1LRXY8J4OBGFY8RE8KS7HOGDRFE29XL8Q3POP2998R6DTO18', '9ABU3PYQQYOJU1W JDUHX378KUMMG2S97FJWG1FMYTF4I76U8BFW1Q3 5 KLA0R5NQ7FVVDAIYSV 5GWPPE06585OL2XTALQYBEJ6 MCON 85JYSFCKTG4HI1ALJP4YAPSI7U8 QXTPFJ1SB1L16PJK6A6 1APGAK8F20G4OWS1I9G OCCENE73HMYJUKAJKGDDOFIMODJFA7HIB82JNM3M1DRY576N7BC1AKD G8ISBT06YTPWA44MR2BAYJP0', true, true, '6MTAXOPVHI 2LJUR0E0QEK62T1ME08A QKHKT5LJ', 'LJKCBNXKU8IQ2VVE 5JBBILD7N5MROXMSA20NCSS');

insert into DOMO_RESTAURANTE (RTR_ID, DIR_ID, TPR_ID, RTR_NOMBRE, RTR_RUTACARTA, RTR_DESCRIPCION, RTR_OPVEGA, RTR_OPVEGE, RTR_DUENONOMBRE, RTR_DUENOAPELLIDO) values (6, 17, 0, 'DNCYQXG4UN6BS7VO8RT15HSAP2GBOR8SAFUCN FF6AJKFTMSA6', 'SHDKGVN6QLANU4XM8CPWXMTE355GWI8F4YWIM9DO0MFFV9PRSMCN6IUHV 3 YN QQ210RRS9BNBEQJ9RS5GK2MV BVBDKTJ15HXYHO2REJPOG3IAL4L8A0QKMOHTDDYBJ0LHMXRSS68L8KPQ7S8FRFOSKB6S49RGQD014YTOKGESE6JCAHS7G0DVKNW3SXT 7D B0QKNIAO5IM224GJXKIUVQO0SFDFA3V9CMPUL1OFW64UOP4P9F6MNTDV5A49', 'IEXGXI L4LOF09SRKDQ7KE7DVDW10H6W6 D4F1AS QK HBQWFA7N6HE7T3A5UO0D3KGXFKBQN08NPFQ545OTL4Q9D8SWSFKHGSH4B44L1 8UCPP0IN7O5Q8LKX90YND4SGCF8GRCBDPKYYLUNOEMVC07QF2L8XT4TJEX6 DYX293RJFW09HHNO6YG8369IG8M4K4VO28O225UJ6F9L2G23VNMWTPJBS3HHBXT91XIJVX0QYGD1D4KMBYE87I8XF', true, true, '6Y0BTXIVPHKFSHRA MCX76SYLRVESBF9E34OOJFL', 'XRR6KEYGXVNO9FKT8JRUR93M436EIO6YSI0QMFRA');

insert into DOMO_RESTAURANTE (RTR_ID, DIR_ID, TPR_ID, RTR_NOMBRE, RTR_RUTACARTA, RTR_DESCRIPCION, RTR_OPVEGA, RTR_OPVEGE, RTR_DUENONOMBRE, RTR_DUENOAPELLIDO) values (22, 23, 2, 'KIBEP7RPXHGAHWXLNJYHGKXOAC0OCY07EIBF7HB5DPBR25HTY6', 'I7PIEAYS98LWI9JQPNTE4ITKR8POVR6HM SB1M  5U38QQ42H7YMPHQYN2SJSG6JAJ144CXFJ97JLPQJ4D BH4SHH1NG407D0MFBQBDHHJ1SFIQ9HOE98DD87IFEACVC4NX6BKH0UEPTUK2S9FO8 DDQKI863GE4LQKVIBY586DGPH52VGDW3D9W2S8KIJHVCLEJCVYK3X7E60YEKE1Q5S000MN5UYB5YLI41R99LBG9P3 JDFA8185TH3PKP5Q', '922LOC3GPRVWWYGS1K26JBYPI74QCEIY58EW2I6K41JV20TT1EDQ5BEATTNGDUY 64AB965MM665RDG7AOQTQAXDA81X43T6J8KER0DYKCLIR1Q3II5UJR878OO8KI89GAB8IFSU8XRD7PPPC8PL93M6VS30394W0BQGUM0OTPSKPY1AAJRJWC0NCE0EH9WW6K69KLETEM J7103TCOKXE00PN94W6R1TN6BT3TPYYQ943NG8V357XYPWXUEYHI', true, true, 'FVAK5MG4JH5R54VPNV4P8CYWKVTV8BV9FWBVJ CI', '8 1RD67SUC 9LNPHBXBDJXLQHEUSET4TOJRMJDVI');

insert into DOMO_RESTAURANTE (RTR_ID, DIR_ID, TPR_ID, RTR_NOMBRE, RTR_RUTACARTA, RTR_DESCRIPCION, RTR_OPVEGA, RTR_OPVEGE, RTR_DUENONOMBRE, RTR_DUENOAPELLIDO) values (12, 21, 16, '0JBGQBD4I9RHNC9KVR16I4XT A3JABENUDQ8C365F5C0NJHYBL', 'WTS L4M5OPOBI1SAO1FRRYFOGDSN7XT H5W0PEAFL704K5BDB6X3LB96FA3THOQWMVAR6 QEBLY5SC2EG53 VWRSQNXHMEWVJRXFP82YG6SQD7LYG1T5OO63NOY0VSERRCI8QTLI13I9GKK83TKD0YUA DGU9UI AXDHRNPYL7P53JVVK5HEQCA2VIDCSTOJJKHG4 2TW5OT7LH4FJE3PO6NWLAYD9HV96II1AE0AFCQNDLQQ7R9K2CT00I7T1O', '4RFEV5PXSEAN68YLNTMR9 DP7RX YMHN0P1NNIQXJKEHCQA34PDKH YW01NX2B78K9WY CASG3H4B9I57 6KTAOQNFB7KUG3PXPGOEA14NUN4SVDCMF1VBA5OHIFSFVNE5GE2VDW3R98FRC  GOBR1ENOO1ENOS L9DB2C1AYUL9C QXNAVX5QCH9F 2HMFUAG2R2UHPD869KPJRUU6K739H4YQIAOPOJWBI0RRD06GX9J4Q3N34M817WIY1IQC', true, true, 'UO3U4EN2MXG0W6LH1GR6Y2V8Y80LGF7G9IFQT6XX', 'LIJ35LV22 49T38W3I17G4IUTW1  FL9 VBXMKE8');

insert into DOMO_RESTAURANTE (RTR_ID, DIR_ID, TPR_ID, RTR_NOMBRE, RTR_RUTACARTA, RTR_DESCRIPCION, RTR_OPVEGA, RTR_OPVEGE, RTR_DUENONOMBRE, RTR_DUENOAPELLIDO) values (18, 9, 10, 'VKOT3FVXJBTS 637ABOLEF  LDMCQSN579C1U 1RC0SK4P58HH', '0NEP OCL4F69D7VJ U9PTX RTLTWLU95ICN1948Q6DGOBJCROKG0ND4LIGY1N1B GD54TB90RM2I26BX75G4Q8F58R25YXVCF3W8353V02IB9MNSD6L4 X7UU4N44 XNLDO9JENRK16AHAECNO2RGM CTJVHRHOEMF1SQR2GM76AEEYNX4TG6HLC2FTGKQOAQVB26TTQVPGVQ700PBL87J4U1M9U9TP5MTMYH3OMJ1N65SHT JVTNR0VTAS7JTV', 'HEN9IEXN4KTA26JNR09CJOODTD7L050V0 N9T8KQHS7QQM6YC82Y 4CQ47 W2R5LNES0P2BELEB60C9RPCD9T9LEN8TBUD7JETRGIX6R98088P4JP2EUGY5DJ9IOBMOMYFAUUGMQ 32VVJCIU39LKJ4HK4S2HLEFNHYNDSI1WU59J92PA50MWY4B8OASJYOEH78QYK17RDVX0RRXW1LFFL29MUIJUX6Q5WI3M0XF2LPM8JAS4JUN8GCHJJ 5W60', true, true, '66BBYKG 3DRDTA0V3SUKQKFYXLJHBD65U886  9F', 'YRD1T1W7ICKGPR C8P7 FJ09DIB0PTQYG106FA2G');

insert into DOMO_RESTAURANTE (RTR_ID, DIR_ID, TPR_ID, RTR_NOMBRE, RTR_RUTACARTA, RTR_DESCRIPCION, RTR_OPVEGA, RTR_OPVEGE, RTR_DUENONOMBRE, RTR_DUENOAPELLIDO) values (15, 19, 10, 'SS7P3CUS8Q6WKOK352JL5 BF FO0YRQPW95M8WDOFCCYDH98WP', ' LNV1AYOAG6A1E5MM9EYMM1WOV4RN5QIWF8RI6Q41VDKYA8W7N XNA2POB3B1YDB9GVQ6VNLCOGK3MT4EQRNKVLQDQPETPI6IJ61M2TYT6H287ODALKQQK5GI9SO4BWB929P HBE9C2PVYEY1YQM6M7NYKKORM18AYLJ2X0CMJ5T2RJK0YWIIC7GPUPN5LHOJO25E7SI R3LMKJ3QC6C11E6XUBNE5LR28 V33EWLIOYYBRPUC2XR11HYSUIA9O', 'EWV25JT7TUH2F9JYN3IHDJ PXCR VE0M6RG5I2AD5X 7NDBGNNR7TT9BA7HS656 KB2U4N6A3O4FWXVXQ79JKKSS3TQLT4 CYU355XT906XR3JUTMVV0GJO3MKLFTGAGEA 04R2Y35JAFVA4SFLXMMKNXI4AIGHGS889S1BGAY WBTV3IAELGUK7UEH2HJGTTYBM6WGBBOGGJDSIVJB8NDE02KSJMCNHWCRQMMYFQ 2O3SOIPVEW7K8OX18D4L1', true, true, 'WBTQ2CLLVQG1PR421V0N6QIO5WYP QFVHD25FBIV', 'MKIHKUD6EWREYPFW2SP1GF 40U3LX8WH684SRD3D');

insert into DOMO_RESTAURANTE (RTR_ID, DIR_ID, TPR_ID, RTR_NOMBRE, RTR_RUTACARTA, RTR_DESCRIPCION, RTR_OPVEGA, RTR_OPVEGE, RTR_DUENONOMBRE, RTR_DUENOAPELLIDO) values (0, 14, 20, 'XAKR5OEQVL64EAG48HMDDS886D0XL3JD6TBAH43BDT3NNTX RF', 'Q630VYIIRVS1N50GX7RGSAS69AH5T7 YA7B93ECNPD6S5 OTGQWN8WMVRK8J07BK9QIA8LIAJTQXQTEVDMMEEJ00FLXP81DIWHSYT9YUF33UIO9L 5AR4SGG1BYQG38PLCRM2UPJQ7EBBCCXWRSC4WFXMU64ED204AL 3DQM5ECKQ4VL01L0TRH2KF2TLL 5II18QN45NY5772YBFRN4GY6FEJM4C39T1EAVK0Y4IFI9YTVPNUHG1P4F2QCQQW2', 'EQ3L8RMKYN1P4LO7TNSOH2IYV38DKNAIXRF866W6OWOVCXF4UR16 LC9GRIYRP2U9DSB3WLJ9GRN5K7A8EHA17BRQVYK9KH7PY9V12KBS8QX0AVE7D70UOJB66IN5250CKYXBY6O6V2JP2RJN0BAWSOA356EUB820XYBH1B42L87A U8CEYYWNWEITY22GDJAFGVIWGLXBTK2CJCS6ARWEWRBWWQQTS2O1LAHAKGYLC7NKT8BPHC5DWY2T3D5Y9', true, true, '8LOX18YUKHJCAQMGFCBHCU FVUR 23E4Y4ELTXCE', 'LMEF2OTHACTBC7VRWJXV1076TKTDI07W5DXWN TF');

insert into DOMO_RESTAURANTE (RTR_ID, DIR_ID, TPR_ID, RTR_NOMBRE, RTR_RUTACARTA, RTR_DESCRIPCION, RTR_OPVEGA, RTR_OPVEGE, RTR_DUENONOMBRE, RTR_DUENOAPELLIDO) values (11, 20, 1, '3GV5V10C6ARE7WWN2TVEFL7RPON310KF5XW1PYNV31T46R045L', 'IBE4V0JCH8GR5WRU9EC34CUXHQQ8SMOOP76UJAWF MUNPSU4DNJ2Q Y9UUFXUMPFSUIAPAGDESKK67R2FPRI6A6TN4WHU7 L0OFTIU9EB4RD7GR K5J0WDDC KCJ3K5JKD AIEXRA8PFULU9 UNRM62JVI39EOGOJ I6PBTQQ3UOJJLBPVVGKED96JPCWBWFXQDEHOXL0WSM5YBJOO89AJ3APGT15027M78FMBVOE687Y8WGQYX UTQG5GA3446', 'OAGM4V53E7MGJX77MY1T9B2PW6MOXSH0T40RXFJ5MGBQX30RMMSJ 75K V0S6I8W9XPB34P8OA5WOKW0RW9YV ECX3BLVD68A96LY90HI0DKX4V20AHC72TEXKKAMSFVIFRWQF IITRJQQ6LPX2456IMJUG5YDB91HCNKFDGFLVJ4P5QLUANSBQFR89EB2799DM8HG 1H1UB MB6TS4B5QXR T0D24RE3PT3FVUG9MGR3DD6 B3M30O4 FBEE0P', true, true, 'FV 7 N0I WEPV7N7WBE4GCHWSCTYLKCVIUEF0JQT', '525K9SUVBQU1VLDE265UDAHS6WB21YO3N6C6HJYH');

insert into DOMO_RESTAURANTE (RTR_ID, DIR_ID, TPR_ID, RTR_NOMBRE, RTR_RUTACARTA, RTR_DESCRIPCION, RTR_OPVEGA, RTR_OPVEGE, RTR_DUENONOMBRE, RTR_DUENOAPELLIDO) values (17, 14, 13, 'PHTIT9MNGAOVT4XJC18O6QQJRKWVYCJYDJUI4130 TST3 95  ', 'IF8RCBXXC P5 NNYINO8WKBEO3X3S7R6V1WXM7X20WIK A6Q833OSATVT4LDY7TMU4NQEAJX32YQTCL38LRV09YLVLFFY9YQY54F8 QQ1DO0MRIM2PHLG23NSVPQM1NETLBDB3BEDMKW T8ICQDTIQFSL6YVGH464RF2BUTJKGT557VMQ0TM5PWEAO0MB1D7HV08EXLC7IVKS2EIXQFATT7LYDYWQI9EM5VOBCSQVAJ66WGAN 87IBW0P88SP4B', 'NRYVN9D4GQN7N514H1RJ1GYQJ SHUJIXI BDGQ 4CB48WS3JDD8C2WP0JKAG3HPJ2TTJ0IWCXTV9GI6SNRN283MJ7Q5UK9WPVR8AW6PFJGIR6QC6QFMX5JGK5XCXRPRU3O36O7751VFU4TT5FWOUEO3FI PM4M6HCXTF0 IHV1S88X6B790BNTTN 3QH6PCBT6GVIRYHYGJBKA7G0VNJI84XRXSRIIP58J 1VR9GSWE68V1GAKFDQ2U4KI0COK1', true, true, 'YBD0SFTDEPK1KIPPEL4G8NLFJDXPG8IGIJLMOXG2', 'EBFNXOL2GVU8BIA3R9PUXPC P67YPNXO7GDU4RJ6');

insert into DOMO_RESTAURANTE (RTR_ID, DIR_ID, TPR_ID, RTR_NOMBRE, RTR_RUTACARTA, RTR_DESCRIPCION, RTR_OPVEGA, RTR_OPVEGE, RTR_DUENONOMBRE, RTR_DUENOAPELLIDO) values (14, 12, 16, '5E7HOAI9XRI5V7349LBI162CLKECMKI29WPE8PU20EV7GQ1 0A', '7AK3FCJ9966S42MJVMSD RV93N5HJRIWU750LAEP3QHYPRLVPN1FBNICUYUOJ0O737QBIG5K3AFNF3JJXIK54RQ0XT00B 43F32WNPH5TH5PWHMAC23LE7EXQH81MWNB0QW0LGGFD3OBWRCSG6A5DORH76 J9CICL R34ML8MVXWEEPDBRMFFBJV16NKALEGNT5Y7NP52MS7GC27RRMC0WS3JUKJVBCP85HNXI6KS7 6B26854K3TN1WOHV1CRV', '1TK24U3CSBOVJ9O1G2KVC1C16OAARBAC4D55X4SG24EARTKXMVIDL723AV5A81 YP6MJ IP2094OW2ALFTE2X 2NQIBHMJUH92R8EUO IBCXL6ICCGQVU85N FH4EI0RFFN10XGALEWO7EUN4XAIGT 9O1P9SQIY 5WKAMOAI63BR QAMXDHJK50K9HNLXBIVNF7AVUOJVM1V7KDUNM1LH5OKJPWAY855XM4TLFB96JVVEO9 S47OGCATUME1K1', true, true, '150OPUK4BIS32JHA5SY9XDPILSJBKWAKF3OJNCBR', 'CSR6RPPXWREKF3EI6TNA035LLNL9S3PP0CYUIQFD');

insert into DOMO_RESTAURANTE (RTR_ID, DIR_ID, TPR_ID, RTR_NOMBRE, RTR_RUTACARTA, RTR_DESCRIPCION, RTR_OPVEGA, RTR_OPVEGE, RTR_DUENONOMBRE, RTR_DUENOAPELLIDO) values (23, 13, 21, '5V2OIUDE463QKOKH1N9CH22CMY7W963MN6F1YMN64BHHNI7X14', 'W5 2IHRMLNF54FN86MUR5OC6T1HQ06SSNTA35BF7629VMCMTJWYC9KAI7XA5O1NGE95PG 2E14KMHR1WMDJEHLCR4BA0HO8H97NWL6T5PMCRVLKVG4NW43W1HQ0674X182VM2RBSEYKL5UCKXTFQSIUV GXEWFMM0VXPLSR0789A1P05MT1ODEL70EKAWVS36B2V7FS Y6GXHJUA 7NG0K6DT3JETWDS QET61P7959JQUJY7LHM6W14FTE6H2X', 'V5F88BRSFABCIQW9KCMCVJH37JQ AMPCY78F9UD6HG4YK22E8FY5LMLL137VIG8RXWUUP5FQ8RVOB6D4GV2TSYTXN3WTRP3QP EEWN0KPBG8VY6DPHV2NA8698VPJ47NCBHJUD7M9G6Q501YS7P 30X7BESV43LRAW81E15SGK0PRMEMP6I2V53WKKT2LQ9B7 D480 V7AD37NU SNP8JEU 1YOFRQAC2V2EQAWKMD88OOWMO0ASC3D40WLH8JQ', true, true, '  DCT90NWNYWBCF25NVBWAM22ALOISU8S4M8MPUT', 'G T44U47R5U4XKNCGL31MR5OM7MWR8TM8UL0VCDM');

insert into DOMO_RESTAURANTE (RTR_ID, DIR_ID, TPR_ID, RTR_NOMBRE, RTR_RUTACARTA, RTR_DESCRIPCION, RTR_OPVEGA, RTR_OPVEGE, RTR_DUENONOMBRE, RTR_DUENOAPELLIDO) values (5, 13, 17, 'CR2O5PTMS6Q3S8B5 T 617JE9T6KHMTHPI2KG2U6F CAG62FBM', 'GI471528PK8S1C9DL7DSQKH9MNDT055G8N6R1X7OR03673M61THT68JCE0BE48 JL07B6O8W6K3LR4W9IILX9EHGFVUWPGNBJ268QV584 A9CQ7JOM0F9OT53FS0VUDCDYQVV51J5TBFHNUCL9OP9X9N6INHJPGVWQ4KOK6B9BHCMS8OOA95B9OLTWK3NLHJ84CS5D1GTLTB3C XUDY7D318O0EP E3LYPY 735GMKXO5UU5BYQCA4JBP5K4984', 'V433V2L3G8Q2V7X6 8WRHE9 T2WB5G5PTW9Q 88T1OGY5L9BEN16EKJVL4L6UL9C 88RK 7DS0RFNE7 6CA34GACT9S BLAV27 IUU52YJ0KA YUG3QMKJGRPYG3P76GQ6LWH4D7TRS1IGDNBWJD30OFHWPEL NCISE9IYU7GLS 0SW4R14JFT7S73TB 7 TS0TLE55GY5T31MR3O3YTSS17WS7U8 76Y2FB0GLD9UXL6GPCUXQFOFR5GKIF65Y', true, true, '8ETYPQVU02M62R0FJUEPCNCACI GWUSOGX9HW3H ', '4H0VCM42HC1XTLK4AD3J4LWUWIH52URBSFLJMKX0');

insert into DOMO_RESTAURANTE (RTR_ID, DIR_ID, TPR_ID, RTR_NOMBRE, RTR_RUTACARTA, RTR_DESCRIPCION, RTR_OPVEGA, RTR_OPVEGE, RTR_DUENONOMBRE, RTR_DUENOAPELLIDO) values (19, 4, 21, '1CBD1TGOI3UG1686 QDLID2UVQM67AM1J8F3OOU3TNXUOFGG3C', 'S2S9MMLADWT4TY2QUT961TBI4AB782IJFWH384 DP7TB3K1O2EAJUMXEGAD3 XYIB9P3BBOFJMR6YY5XEJTOB9JVNVXN99KCTC4HHQBPIHOYV0 V 5E618WPMPB03DKHTR63CSWIRPAIAHH1FJF8MX6TQRRWGKJIPI4HIUMFXF7IR2T3YE QRMPDYJ6PDWA8HY VP5249CR4UEGW9V052H6LQTAJXHXKK I3KT EGI184X4GKF5PCNIW3VN189U', 'Q9F0FM83F7D97EK8R OA433M5N9F3YEHVUVGGWQ74JO6830G6PSL7FVJN8 VD85R RHUHW 80Y24H4K5JIXSHGP27S3WD LFI0LD16Q0M 1QBNURRU46BD7FFVBQPMRQVFUGAKJ4J5GSLB9EU0L8KRVJXWMQH0EKLU4LVETSESDAQ5 RR9WKPMYWA77EEC3I7WMHYDMUV86AOKXBLQVXMEFP80MGN96U77SYALVTNNK1VGU2DGM8TW3UEINQ UR', true, true, 'IJAB5TV6JDLGOCMCB FYWIWFACG7CDM 5D5V6S11', 'D7R5V8E501VJM1D93EE2FDHW8X6MFF1EOQSGR1NU');

insert into DOMO_RESTAURANTE (RTR_ID, DIR_ID, TPR_ID, RTR_NOMBRE, RTR_RUTACARTA, RTR_DESCRIPCION, RTR_OPVEGA, RTR_OPVEGE, RTR_DUENONOMBRE, RTR_DUENOAPELLIDO) values (2, 15, 8, 'FX4U89 K CEWRRR6IAT T2B2GO5BLYO0A98U8RA9EGS69FXWSF', 'L RCNUXHBSBYF62WXO1Y8A4YVKCINE1QIBYUOBFY 3O8WO52MW0L7OT187BYDLNIRKL32R60PNT9HBD70235RBJHVL8VW1QFWE3370 KYCECPRW7PJFFQ30ETV UJWV0KXBHAYIVCKJIQSP8J7K1KTW5APTBCGK1PSJT3FBEN8PJE5SQEIGBDGQCMAFGX05L97EB1CYXTTQ06OYDEFHHXVXWCAXBNV01GXY18PRIXA C85Y7SFEFN3V130SKED9', 'E8AE22LBWE6H0C08R8EJLBBKRLPE8NIQRVIHW3ADXWR4QLXER9FA7MB7OJM82G3S3R7BUN1ADXD YQ8F4NBTIUX4E12SKQWEBMMJBLJ4E9SWKBD4HKPE0KKADWU07CLTV3T0 BYPSTRWKHA6896HFX3DQ0M3LO71  WVKOUL0EXD7V7 BY8XNKRVA8 JHN9WF1QL33577XTWSQTQG ARNQ91HIG3UPN Q18ULL9O4CWGVP7FWMKDN4LYEREUQVM', true, true, '6 TN3L3BWN7L4AD7Q0RASHK72LH83 TBVJI718FL', '8UJV0CBAYXFHHVGWEP0NWRM7 GFE HA1KIL1RBRD');

insert into DOMO_RESTAURANTE (RTR_ID, DIR_ID, TPR_ID, RTR_NOMBRE, RTR_RUTACARTA, RTR_DESCRIPCION, RTR_OPVEGA, RTR_OPVEGE, RTR_DUENONOMBRE, RTR_DUENOAPELLIDO) values (8, 23, 20, 'CFGP0FEIAKGFUGSEXKW ALTOWRBS3BQJIJH3U5TBATKKOTYJMU', ' L5PTFH2H854MBHGH0JDVM3S6Q8XTVX3E6QIA2N3F4G9UWJ0SKB0DLWV469MDBXGHVYOS6AYB4TXP494X8VA5 L6WNWMCNSBOEOVKJGN90B OPL42UTMBT7PTCL2LI1GRSA6JGA4QMMT12JAKHARPSXAIS7FS45NT5P5F1V8I U5VB4U5AYYXBVRTK7OEDNJ4PDOSXEOLAR305EVSM1TFD8TWEI4NU5NBWA1VH359UK720FDP0BCCN9198OKJR6', 'O1U3OCMXY6MH633VTO8CEY BGT 44FMW23B BQ7BRGQULAOQFC7PR148447UJB1M6EBHDCW1KQQ5FFQ3L8XNNJUNDEGPYXO8N0T2NWT1PDOHPN5OF8V4JA1ADDSOM0NP0RR2AAKR8GNSS8AKT IY88182ECQYELCI04TPI9  NR 8N1BFPBUQHTZ7J9PO6PW9VYGLRMWLD7UYHVVPBUGEARFBIOBVGOH21A4VFV5GL423IQJVCOCU3WWOMT8SMQ', true, true, '3O43RUDQPINFD9928HPDAH6A B8NCYUMVG8OFOPW', 'QO63L6GBQNCJRMXDQNUWW2CO420QR1RI5A82TIWP');

insert into DOMO_RESTAURANTE (RTR_ID, DIR_ID, TPR_ID, RTR_NOMBRE, RTR_RUTACARTA, RTR_DESCRIPCION, RTR_OPVEGA, RTR_OPVEGE, RTR_DUENONOMBRE, RTR_DUENOAPELLIDO) values (9, 11, 12, '1VLWBEQC4AXGD C9WFBA R59XBJ66Q86NXX4CE27HXGI0D72GU', 'GABW0TR67561FGVC9G20 PH5XK5Q3WYFA7OBPGCV93XH4CIABTOYJ8V6XUD7B80JGIW2NGMJP8VP1O7FAXQHAGGPCEA76Y372X1AS6JGT013D81 S4EGUPJ1ERED26059I9KHWP S4IIOJN6C3 AA32K8UGVPUB40IY4GLGIOLJEXWDBFQVX1GONVPACCL5X6JNMW0OHIOLQJE6OCAOR HMSATW2KYACLG 9DO1B5W9Y9VPKC97VELVEBUHQB67', 'MJY7SUYPQR0Q94M43X2EYXHP5DVX015NB2MTD11G3I BWQX2OPAMNT699A 82GPQVWQ9O8IV1GH4F M6VQL1P022S172U83S3XPRFIABU34G633HLE5C977BP3KPKS974YHH9BIO4R9PCOWO9US8FFSKALNJETBVJGSNP8IBXKU63LRUMX0H6 70DLSYHBK7CRXL68O6QDGBFXGQVF UEFYD1TWDRKG5V VK1IMQDTEKB52JLRI6WMPTXTL853I', true, true, ' MUUO8C2JKERL5SARSSWC7BU3QO320UJ8K69OQ0M', '9P3YGHIG4S1DOML348XVJ00XPFVR9 QE5PY3RBX7');

insert into DOMO_RESTAURANTE (RTR_ID, DIR_ID, TPR_ID, RTR_NOMBRE, RTR_RUTACARTA, RTR_DESCRIPCION, RTR_OPVEGA, RTR_OPVEGE, RTR_DUENONOMBRE, RTR_DUENOAPELLIDO) values (3, 10, 0, 'Y4ETF7G5ELK7Q67ICRY8T4S8K5XM4GOQLUMCPGS8Q2KPI9KFT9', '9XDTVT QJF593C19ELFAQX1Y0PRBO1B2KTP4PN0OL1IIQCASK6T0EPT444UXPJ6M4R71KNNH3LD2WBUWG1UNH6OAB5LX40DBW6TVT0KDLNF58NPVJ22I387069V3U397VFT3DB96NMN3W6MLC0E5V8SHCUSE9T231PRAMKXH T9GI57OCM2A0THLF6OYCMODG6G8I7LG7ISXB6QB3FIQ849U5G8 IBV25W0VJ02X1U1B1AEG7YHHQORE7SDXS64', '6 YAXIL3 5EKDMWQ0T82CCPB6YY31HRJCTCG0T9 GQAL727SGWUR6E4ROJBD9FOE61LA8XJE57JPNCAONNGDLKK56GSYHM96RLWH1WTKQ1VR80P2YBNCK80T1V32AK52PY97VKOS95WCKK9Q8ITS1RP73FMM8QBG5XHG7P2OFTYO8D1NX84E1D8XT2N4 F1URQ2RK04VDR5LXPHVYYJNL7FR497S8WSXQ0EDI2D9U2FMBS7PSIRJSBCMIS2FMAE', true, true, 'SOCF5MXPCR2JN5DTHFRL5XWI4QL1RU8APYEXLDJW', '43F 26DML0NV4JTWT0K5CHMUGRTMWRAFN7IF9GMR');

insert into DOMO_RESTAURANTE (RTR_ID, DIR_ID, TPR_ID, RTR_NOMBRE, RTR_RUTACARTA, RTR_DESCRIPCION, RTR_OPVEGA, RTR_OPVEGE, RTR_DUENONOMBRE, RTR_DUENOAPELLIDO) values (7, 0, 11, ' THSBKG1JV3VN9 FUXMHWR37JH45X8X44BSCS1 R4H68RCJY7E', 'X9ST8O8XG7V3MY 0KAM0QCEI4C6DCPURAWQLMHHJ6GJB1U3CW QERBMPHDKO CDT88I7D1T1XMRDT2VTBYH92J3FN2Q5PA96FGQY2YND5I96FF NBW1HACXHEAESKNBG7S2CECU7 YQXIDIX2LF65NQF7W9YR3V3KHW59VN28VR5UTXFDTJSNWEO6SSCNTLA6UPGLQQ7B6ULD65QRB92U0CE3XGSQIK B5QNNO5NDTDA4HG7DYC 0IBIE9MJOHA', 'KUTK6MEIT2BGY4P5KF4BTONELYWTLYOYPCLIPJELOTEPF3HL EGHUF3AW17TFX0TJ07W6VDX7EMGJ 0 QRKDO7CXYSR8RE5MC6V6GBK4VORPEM44N5YSY65KAT Y14VBLPBL1K219YYATVK3UMFE2K2PMAPQF1U3X0L73DXT67QSAKX9GWBM OK6SV80OYOG3 6SHH3XKT3MWNS8U59NDQ01UP63AUU714 XNRD1ISDWF0KWJ3DGJ2RMYKN0AMR', true, true, 'U84KDVB0QT 1F8OQ5UAYOIJLVRNCYK9B6M6M 3 0', 'MOLOVP5RVAVNYNSF2CNSECGXGYXXT1WV0RBSKFPS');

insert into DOMO_RESTAURANTE (RTR_ID, DIR_ID, TPR_ID, RTR_NOMBRE, RTR_RUTACARTA, RTR_DESCRIPCION, RTR_OPVEGA, RTR_OPVEGE, RTR_DUENONOMBRE, RTR_DUENOAPELLIDO) values (1, 10, 9, 'X77TMNP170Y8VYX7JJCJO2U4N VQAFRUL4J57586MMNLJBW9RL', '  S7BQXEA4SOME8I1YMFUKFHQ5SJ1BGNTS48FBBBO 2X6LHG4 6261BFL3JD2MS0S0JT525891QAV8ST7KJRV685CMK6MQA00LJW R9T5 UQU1AGQHPV UT13SYY3XDUE4KAPC25D8H8LXLR14NO 38WNBUK0NX KU4PC GRMUUMVUWF6LDCJ35YNKETBJDE0OQU8VVKFF2MO1XLXMY0L7SSIKRE4BPEY6 7 HBV2FCVAUWT KGMFWUFF 7XWWF', 'CUC90QYK79KBLBNMI7Y6TF2 MFP3LHAQ7R8Q7J0AO965EMJ8INJJ9P2TWRWDGAUYG6THFIR4118FU3QJOV6R4MI8PLIT QDKYON2DS6J3BR575AM00PLH4T5IQB3DKWJWYVDK36W 0EOJT9GVBG58SGG15RBK6KVRV4P9VSI53BVPTTXTAEX2WYUEWRYBLHD8GJUI70J8T6WCI3SSHXVFBUYWBQX4IUREWVW7TW27G6DUX9TVO2CIMPD4SNLAAT', true, true, 'FF0Q5JK5PUIDOD54VTA9M8BF9IMTEEYE03KLW8PQ', '3QKADW6NW3NAAAVKBHKAO9HIM4M8GAPEN4KL8IE0');

insert into DOMO_AFORO (AFO_ID, RTR_ID, AFO_CAPACIDADMAX, AFO_CAPACIDADACTUAL) values (22, 11, 16, 3);

insert into DOMO_AFORO (AFO_ID, RTR_ID, AFO_CAPACIDADMAX, AFO_CAPACIDADACTUAL) values (0, 12, 10, 16);

insert into DOMO_AFORO (AFO_ID, RTR_ID, AFO_CAPACIDADMAX, AFO_CAPACIDADACTUAL) values (4, 6, 20, 24);

insert into DOMO_AFORO (AFO_ID, RTR_ID, AFO_CAPACIDADMAX, AFO_CAPACIDADACTUAL) values (9, 12, 5, 2);

insert into DOMO_AFORO (AFO_ID, RTR_ID, AFO_CAPACIDADMAX, AFO_CAPACIDADACTUAL) values (8, 0, 1, 18);

insert into DOMO_AFORO (AFO_ID, RTR_ID, AFO_CAPACIDADMAX, AFO_CAPACIDADACTUAL) values (6, 20, 15, 10);

insert into DOMO_AFORO (AFO_ID, RTR_ID, AFO_CAPACIDADMAX, AFO_CAPACIDADACTUAL) values (11, 17, 6, 23);

insert into DOMO_AFORO (AFO_ID, RTR_ID, AFO_CAPACIDADMAX, AFO_CAPACIDADACTUAL) values (13, 8, 22, 4);

insert into DOMO_AFORO (AFO_ID, RTR_ID, AFO_CAPACIDADMAX, AFO_CAPACIDADACTUAL) values (16, 10, 4, 17);

insert into DOMO_AFORO (AFO_ID, RTR_ID, AFO_CAPACIDADMAX, AFO_CAPACIDADACTUAL) values (17, 14, 21, 9);

insert into DOMO_AFORO (AFO_ID, RTR_ID, AFO_CAPACIDADMAX, AFO_CAPACIDADACTUAL) values (12, 22, 12, 19);

insert into DOMO_AFORO (AFO_ID, RTR_ID, AFO_CAPACIDADMAX, AFO_CAPACIDADACTUAL) values (23, 0, 11, 22);

insert into DOMO_AFORO (AFO_ID, RTR_ID, AFO_CAPACIDADMAX, AFO_CAPACIDADACTUAL) values (18, 22, 7, 21);

insert into DOMO_AFORO (AFO_ID, RTR_ID, AFO_CAPACIDADMAX, AFO_CAPACIDADACTUAL) values (2, 17, 19, 12);

insert into DOMO_AFORO (AFO_ID, RTR_ID, AFO_CAPACIDADMAX, AFO_CAPACIDADACTUAL) values (19, 11, 9, 11);

insert into DOMO_AFORO (AFO_ID, RTR_ID, AFO_CAPACIDADMAX, AFO_CAPACIDADACTUAL) values (5, 24, 0, 15);

insert into DOMO_AFORO (AFO_ID, RTR_ID, AFO_CAPACIDADMAX, AFO_CAPACIDADACTUAL) values (21, 22, 23, 14);

insert into DOMO_AFORO (AFO_ID, RTR_ID, AFO_CAPACIDADMAX, AFO_CAPACIDADACTUAL) values (24, 2, 24, 7);

insert into DOMO_AFORO (AFO_ID, RTR_ID, AFO_CAPACIDADMAX, AFO_CAPACIDADACTUAL) values (20, 23, 13, 1);

insert into DOMO_AFORO (AFO_ID, RTR_ID, AFO_CAPACIDADMAX, AFO_CAPACIDADACTUAL) values (1, 17, 8, 6);

insert into DOMO_AFORO (AFO_ID, RTR_ID, AFO_CAPACIDADMAX, AFO_CAPACIDADACTUAL) values (14, 7, 17, 8);

insert into DOMO_AFORO (AFO_ID, RTR_ID, AFO_CAPACIDADMAX, AFO_CAPACIDADACTUAL) values (3, 15, 18, 0);

insert into DOMO_AFORO (AFO_ID, RTR_ID, AFO_CAPACIDADMAX, AFO_CAPACIDADACTUAL) values (15, 10, 14, 13);

insert into DOMO_AFORO (AFO_ID, RTR_ID, AFO_CAPACIDADMAX, AFO_CAPACIDADACTUAL) values (7, 3, 2, 5);

insert into DOMO_AFORO (AFO_ID, RTR_ID, AFO_CAPACIDADMAX, AFO_CAPACIDADACTUAL) values (10, 11, 3, 20);

insert into DOMO_HORARIO (HOR_ID, RTR_ID, HOR_DIAINICIO, HOR_DIATERMINO, HOR_HORAINICIO, HOR_HORATERMINO, HOR_NOMBRE) values (24, 16, 21, 9, '0:6:42', '0:37:5', '8P3Y0XDJ060GXBKRJH05');

insert into DOMO_HORARIO (HOR_ID, RTR_ID, HOR_DIAINICIO, HOR_DIATERMINO, HOR_HORAINICIO, HOR_HORATERMINO, HOR_NOMBRE) values (16, 15, 14, 15, '0:33:37', '0:34:56', 'QVHA KRHH6TNU1YIE3P4');

insert into DOMO_HORARIO (HOR_ID, RTR_ID, HOR_DIAINICIO, HOR_DIATERMINO, HOR_HORAINICIO, HOR_HORATERMINO, HOR_NOMBRE) values (18, 15, 8, 13, '0:26:2', '0:6:22', '88FO 5HI 8TBU5HX202Q');

insert into DOMO_HORARIO (HOR_ID, RTR_ID, HOR_DIAINICIO, HOR_DIATERMINO, HOR_HORAINICIO, HOR_HORATERMINO, HOR_NOMBRE) values (14, 13, 16, 14, '0:21:21', '0:25:52', '42VQWXD0GWYJ90R8QL2F');

insert into DOMO_HORARIO (HOR_ID, RTR_ID, HOR_DIAINICIO, HOR_DIATERMINO, HOR_HORAINICIO, HOR_HORATERMINO, HOR_NOMBRE) values (17, 0, 0, 21, '0:9:7', '0:29:14', 'LNGQ9C5699NETP1U9546');

insert into DOMO_HORARIO (HOR_ID, RTR_ID, HOR_DIAINICIO, HOR_DIATERMINO, HOR_HORAINICIO, HOR_HORATERMINO, HOR_NOMBRE) values (3, 24, 20, 10, '0:3:2', '0:20:24', '1334FG8PQBT6K5R J3UC');

insert into DOMO_HORARIO (HOR_ID, RTR_ID, HOR_DIAINICIO, HOR_DIATERMINO, HOR_HORAINICIO, HOR_HORATERMINO, HOR_NOMBRE) values (21, 7, 10, 11, '0:0:47', '0:8:36', 'YFBCC0M3MU7FF7R45V85');

insert into DOMO_HORARIO (HOR_ID, RTR_ID, HOR_DIAINICIO, HOR_DIATERMINO, HOR_HORAINICIO, HOR_HORATERMINO, HOR_NOMBRE) values (9, 23, 4, 20, '0:35:47', '0:3:40', '0LXF5JT4LUIPFY XUQOQ');

insert into DOMO_HORARIO (HOR_ID, RTR_ID, HOR_DIAINICIO, HOR_DIATERMINO, HOR_HORAINICIO, HOR_HORATERMINO, HOR_NOMBRE) values (23, 18, 5, 2, '0:10:19', '0:11:19', 'MCQL6K9WKVA8VL9YDRUU');

insert into DOMO_HORARIO (HOR_ID, RTR_ID, HOR_DIAINICIO, HOR_DIATERMINO, HOR_HORAINICIO, HOR_HORATERMINO, HOR_NOMBRE) values (1, 11, 3, 16, '0:4:27', '0:9:39', 'SSSOTJT0XGU0RB02F9KU');

insert into DOMO_HORARIO (HOR_ID, RTR_ID, HOR_DIAINICIO, HOR_DIATERMINO, HOR_HORAINICIO, HOR_HORATERMINO, HOR_NOMBRE) values (5, 15, 2, 4, '0:11:42', '0:14:55', 'W85439AG8559VW N8621');

insert into DOMO_HORARIO (HOR_ID, RTR_ID, HOR_DIAINICIO, HOR_DIATERMINO, HOR_HORAINICIO, HOR_HORATERMINO, HOR_NOMBRE) values (4, 4, 17, 8, '0:28:7', '0:18:7', 'KEG5HPFSL6BC35LGX86R');

insert into DOMO_HORARIO (HOR_ID, RTR_ID, HOR_DIAINICIO, HOR_DIATERMINO, HOR_HORAINICIO, HOR_HORATERMINO, HOR_NOMBRE) values (12, 23, 18, 18, '0:31:19', '0:24:57', 'M9B30Y0 O56X5QII6PN8');

insert into DOMO_HORARIO (HOR_ID, RTR_ID, HOR_DIAINICIO, HOR_DIATERMINO, HOR_HORAINICIO, HOR_HORATERMINO, HOR_NOMBRE) values (22, 24, 19, 3, '0:30:26', '0:31:23', 'JYQU60OHV2ROC YLRIH6');

insert into DOMO_HORARIO (HOR_ID, RTR_ID, HOR_DIAINICIO, HOR_DIATERMINO, HOR_HORAINICIO, HOR_HORATERMINO, HOR_NOMBRE) values (19, 2, 24, 24, '0:23:47', '0:22:12', '10Q8GAND1UDEJ2RSYIK ');

insert into DOMO_HORARIO (HOR_ID, RTR_ID, HOR_DIAINICIO, HOR_DIATERMINO, HOR_HORAINICIO, HOR_HORATERMINO, HOR_NOMBRE) values (20, 5, 7, 17, '0:19:34', '0:2:2', '0YG13FXH3WNP3LGWOP55');

insert into DOMO_HORARIO (HOR_ID, RTR_ID, HOR_DIAINICIO, HOR_DIATERMINO, HOR_HORAINICIO, HOR_HORATERMINO, HOR_NOMBRE) values (8, 15, 1, 6, '0:7:38', '0:23:19', '9WJR9P P7ML6OYFQG181');

insert into DOMO_HORARIO (HOR_ID, RTR_ID, HOR_DIAINICIO, HOR_DIATERMINO, HOR_HORAINICIO, HOR_HORATERMINO, HOR_NOMBRE) values (0, 16, 12, 23, '0:12:43', '0:33:57', '7CARX0HTFJM09S3LGIM6');

insert into DOMO_HORARIO (HOR_ID, RTR_ID, HOR_DIAINICIO, HOR_DIATERMINO, HOR_HORAINICIO, HOR_HORATERMINO, HOR_NOMBRE) values (7, 5, 22, 22, '0:34:32', '0:28:13', 'KDP7WGRV2H43YC793X78');

insert into DOMO_HORARIO (HOR_ID, RTR_ID, HOR_DIAINICIO, HOR_DIATERMINO, HOR_HORAINICIO, HOR_HORATERMINO, HOR_NOMBRE) values (13, 20, 15, 7, '0:16:25', '0:36:14', 'AFFDXKQBIWC3XD136DES');

insert into DOMO_HORARIO (HOR_ID, RTR_ID, HOR_DIAINICIO, HOR_DIATERMINO, HOR_HORAINICIO, HOR_HORATERMINO, HOR_NOMBRE) values (6, 2, 23, 5, '0:17:31', '0:12:41', 'KV6RO0YMVGPKF7B7KU8D');

insert into DOMO_HORARIO (HOR_ID, RTR_ID, HOR_DIAINICIO, HOR_DIATERMINO, HOR_HORAINICIO, HOR_HORATERMINO, HOR_NOMBRE) values (10, 22, 9, 1, '0:32:41', '0:32:28', 'XWRD0SCLCLM GWD1PSI ');

insert into DOMO_HORARIO (HOR_ID, RTR_ID, HOR_DIAINICIO, HOR_DIATERMINO, HOR_HORAINICIO, HOR_HORATERMINO, HOR_NOMBRE) values (15, 16, 13, 12, '0:14:16', '0:0:0', '2FQYRGTHSATAIK XCDLU');

insert into DOMO_HORARIO (HOR_ID, RTR_ID, HOR_DIAINICIO, HOR_DIATERMINO, HOR_HORAINICIO, HOR_HORATERMINO, HOR_NOMBRE) values (11, 15, 6, 0, '0:22:19', '0:4:58', '7SGMELRW6D41XFMJ22GK');

insert into DOMO_HORARIO (HOR_ID, RTR_ID, HOR_DIAINICIO, HOR_DIATERMINO, HOR_HORAINICIO, HOR_HORATERMINO, HOR_NOMBRE) values (2, 14, 11, 19, '0:0:0', '0:16:44', 'GEEJV897TMJ0J01DKT4E');

insert into DOMO_MESA (MSA_ID, RTR_ID, MSA_NUMERO, MSA_CAPACIDAD, MSA_DESCRIPCION) values (24, 23, 11, 23, 'I9M7O3I8F VUO40EF9KYHAWQ8DQUU1XEPQ4F02 G2826L9KYSRC5GQM22M8DTY7EUFI4A1LHNRVGA165VC3PANSGNUVELOU9PD0 OW4ACJLWDXV5C5LMBAXFLN1WFG84XUX9P8X02SSAU2C5VORDAMBLBXCF3EB92HSPCG1RS23V5GWFXLO0CHTM6UJYPCSXK48MWR7NA5BG4TK8XXJ31FW4FUH3SYYFTX2T74QVB6GD0QYX7YRPDSTTAN9YANT');

insert into DOMO_MESA (MSA_ID, RTR_ID, MSA_NUMERO, MSA_CAPACIDAD, MSA_DESCRIPCION) values (12, 6, 16, 2, '23B8PC8ONGHLIFGDSYAVIPQEFTB15KN 7K W4YOP7AR18F5S7CQKMS64P 37VDXQ7BXAJ0Q3T7W8JINTMEGPQTT5FOM9SU91KDFUVVIWSK6STHMQF2TA3E4AEPOW4L6HNK16MCUOGN1E3NIG47KIFIC0ISHXNK1B RM1TMFT6KA1WPJK6KON1KKGMIECO4XH2M8A CN6CE Q9OQB4SD7PCKDND5B 2RIGTB07GRGE4GPT3TMJH7UT4 7IUP3 M7');

insert into DOMO_MESA (MSA_ID, RTR_ID, MSA_NUMERO, MSA_CAPACIDAD, MSA_DESCRIPCION) values (13, 16, 18, 22, 'MQTJF3GRURLDDMUF  4 B8G6278C6HBQRH3VVT3EA ML7D7UO42UKCFBOQRM5Y8KDC IW0O8CIVBY9X9IKM4Q4FDG5KDTCPPQ P17VRMAYY0FX2J01 I1 B2HHQO13M N4E8L7GN0WCGMP7EE88YX CVFU5XX85YMH56275A0XHMPA8AGWEOYN55PDRSRBX0UUX8SPR5IONV11HGPTE6V0SXC899VD093YJ210IQCV3S0SP AS29JOR2 LCIT1U');

insert into DOMO_MESA (MSA_ID, RTR_ID, MSA_NUMERO, MSA_CAPACIDAD, MSA_DESCRIPCION) values (11, 10, 0, 11, 'OWOTLB03A36X8BV1M0N2Y0SW70QM4CG9WCVF073KTVD6DP710CB3OH IRFUIT9AIH9EYUI5E4I6SM38NJCNN BG8XV8GQMPAN17VT6NHUHFLPNX9BVK8U Y7PN8R7LFLHT7L18M5A YCNKQMBA34G7OWUQ7KVIRYSBFFT I2NRMPQAPW9O7M8RG8VQH2OUH97 UKRSFBV9B8HCEOOTWW0NKI3YI7S8VQ3WJ6S8WGMMYERGX S390R0WFOBPXPIU');

insert into DOMO_MESA (MSA_ID, RTR_ID, MSA_NUMERO, MSA_CAPACIDAD, MSA_DESCRIPCION) values (16, 16, 8, 1, '4NQJ8203EFKJLPJU6PKEXU4S5HFK37LQITX0N10LFKK03OMC29WEJVF555ILEBMGECG1CH8LB2NE2FU4U2IFNOKFD5HCHCUHOQ2S EVT6SLSLVLD5KEOXG8L7PWCXYOSOB3I83AILDR8QADT X9C NF4CT0750QW55JEN5XDG66VC7UQS5EPC 53YBNKJNQT742RQGHR5FLT9ES EYT1EGN2MQC2CDK4CU TS4RIF2C9607T1W5MHDC39GBGQWA');

insert into DOMO_MESA (MSA_ID, RTR_ID, MSA_NUMERO, MSA_CAPACIDAD, MSA_DESCRIPCION) values (8, 19, 19, 5, 'XKR9Y5LOXHUFFQE76C9QTTAQUALDES83V62KHXLEYV9IJH73FD6I0J1JFH30OIPC4YQ6UA360KOYVUDAIMI3KOSML MF2RULC1K F5EH0 4QP55EWWXRY6YYIENEDDIGS04NOG0UHVIGEN 6KHVFMX7QYRHEH0WS8UOE20T1EGHFBIOI12JO2NI97F5J9BDLXWE65HW DCHMUTAHDQYRU05138GMLSN0Q 5IFJOPFKONFI6C5 WLHKOOXD02GUQ');

insert into DOMO_MESA (MSA_ID, RTR_ID, MSA_NUMERO, MSA_CAPACIDAD, MSA_DESCRIPCION) values (4, 21, 22, 17, 'B AMMIPTE6H4QIGYEIOYOLUV0LI7 TUVYJE9F DAIT KUKHJ935FAR6UXIM73N MLVBBGHWBHY9KI583K22H8OW LM5YU0FT VHSWOIF1TYG0SB455L0115 7DY7807J01NHLAEF164C627B2L7PXJ3Q8SAG1OA6RE4021KFF876MLDRG6U2PWOH7ES L6IFIHHOGO0RDU2MH12RL7UAUXVQW9IVXOO8MCROK0K37AY4O2JV0IYGJGGB5 WYRCF');

insert into DOMO_MESA (MSA_ID, RTR_ID, MSA_NUMERO, MSA_CAPACIDAD, MSA_DESCRIPCION) values (3, 10, 23, 12, 'UOLEWXU1CCHJXOEW0AFBDJA681NVXFFDQCDA3N23QGRW2NQ7B8XGMBBNVQ P5V6YQHCMPHJBQ93JCGVD7RDDL1FFVM41UTVLW4P40X774RWADKN8F0RDGEKY46S  JTKLG6S2105  7HI3TK 7KA4WOLU291B1E3HS15PLXHM7HUWVB04RU9CKTLH5B4FVYAGM22K0YDNTSEHB04F74UL5Y3UD8ILEX5QLKT C5Y DQRYJTEQBI37367WVWYYHR');

insert into DOMO_MESA (MSA_ID, RTR_ID, MSA_NUMERO, MSA_CAPACIDAD, MSA_DESCRIPCION) values (6, 22, 9, 20, 'LTIE37BL9TLERUCP66YLD6EKW0 OKDRWHEB  4BE8KCGRE3NS55KGES90S3GUIHVIM460HDOO N1HOXPDC22LIMDE2TPQUI7DQ6H3U7NC4PV3KIW1Q3CEVY4P2YDLLGHKDYUJH4GW9T73MACTJP3UQFQK7D 6RIAJG0R1H6CV0IRG9A3KCKNE0EFG66JL4K8P32BRO LQ7FVIP7C4XHRVHUIU2LMGA40AT118RWIV DD2VD97DFTIPE9 2 BOLD');

insert into DOMO_MESA (MSA_ID, RTR_ID, MSA_NUMERO, MSA_CAPACIDAD, MSA_DESCRIPCION) values (10, 11, 7, 14, 'BGAY1E4VDJTAM9IV2F2KMY E15UX9N66UBK1 L KLWECHO7AYCN4NADR7G63L6Y0DUWM0LC8I2PRF9609D3KSXS56X7B1EM2OWX9TJXUL110CGL08VLIIQWTEJENRXO3LBHMM C 8PXOS1AX72OOS04OA4E9KSCMXSOI7XVWYU7HQ6W1L52 6EOBEG6FQBPQMX YUQOI970CPIVAQ5VIQ0L 861O1DK8J821D7LEPEQAU1GB32EG0BNLCWGLU6I');

insert into DOMO_MESA (MSA_ID, RTR_ID, MSA_NUMERO, MSA_CAPACIDAD, MSA_DESCRIPCION) values (15, 7, 12, 6, 'JM5W44IBSUX1KQ6LD3RB758DNC1B01AYRV0SM0ACJ98WKIR2DA0HAS16FU1OV0T2MA095FHV7ONJQV0HV4H5E5F4QH5X9P5SJWB4IBJW OFIU J457TPEWJ54YKQFL4ULR IL5AAP QLNLG532HY9AWYR E2UO QG YTG XKVDKV7 5F7DXW63F0GCO31IFRJQ3PEA34PJXQNXIOPREVFMFJRRADQ4G0V353S7T4YCOTASRBGV5HHQOMS22OU4K');

insert into DOMO_MESA (MSA_ID, RTR_ID, MSA_NUMERO, MSA_CAPACIDAD, MSA_DESCRIPCION) values (7, 11, 3, 15, 'C4BT95AJF4KL1KEMN GBJ0RA1B3Q2DMMDNMNQ7O4SC2DM355OF8W9RNUEUQXWKAWIF969T2TOERJ2P S6NYV2OR93HV6TQC3Y4HQX0M9DQJN49CHR3G1NV4Y9 GXQEG9Q1NN4Y3KXFC2VW8HTXK71L7NUSGJT9XYJ635HYP56A74MU5HHX4YI80JKYU9K3H0Y46AWJAXPO30 I4MOK2XMC48Y9OAQWHSB6D4KC57YO2UVGRF5Y9J7OMN930NCTQ');

insert into DOMO_MESA (MSA_ID, RTR_ID, MSA_NUMERO, MSA_CAPACIDAD, MSA_DESCRIPCION) values (19, 16, 5, 18, ' P81J154L117OHC6RCTQ6E449KIWBQ4NQ YPE0WMAY3LE940YLMF5LOSTP6J8IA4JVJVFJQKQFXEVXRFSWEDLIJAKCI04JWLCSW2A WDU 8STJG4D5XMN22T2UJIQ P0IYMUHXU0XXBXWDJC8YKAAJR5DEVAMBMWREVUHA51RB73O1JUBOCFFH9KX1XLC7RA8WKNN6IGF1KILD1Y0J09WOFTJGMN9PBRJ28X94VUGPQI1KXH2IWVD76AF7OTP3O');

insert into DOMO_MESA (MSA_ID, RTR_ID, MSA_NUMERO, MSA_CAPACIDAD, MSA_DESCRIPCION) values (18, 16, 14, 9, 'DL71EHS8BTSND9 3RNB0KJHNUALBFYYERRHTSD8UHVGYHHEQQCH1IV45V4QKU3363VS3TYR1JBQY8QS1S3BB0U24BFH H5PU13U0A2WC5CCL11DIWCWSCRK4M1JWR45FV 5E0KKFLJUFCASOJT53VX3XS8A75T53AJXOV4U4KULRNBSCQSNLYGGGCO0H50N5K780PC7FENPIFSKD1SW5YFORCHN ACY3KSV6GQBHWR179CGUHW1GCS42D41M5FK');

insert into DOMO_MESA (MSA_ID, RTR_ID, MSA_NUMERO, MSA_CAPACIDAD, MSA_DESCRIPCION) values (20, 3, 1, 19, 'KLGHL1R6KFCB2PI6XRH5PKGEQKHQWAQBBJVGDFP25U Y1DPO1XEXU37GBJV23BLBCT1W8NTIUMQ6LWA7OQV GGOFIH 50XDXQDETLQ9BENY2YYG9JBINS8IS45YY7T7TQNSXJR1MSEHDY9EOHGE0PY7C7QA3UN7YRNGQQS5T1XJO4I6IGE 0QA41V0X3R6EJEX2JL0FLERRDLHP5M 2B4UM9HC67G8P2DJOE5INUAY7K8 W8AG EPAXKHHTF2KX');

insert into DOMO_MESA (MSA_ID, RTR_ID, MSA_NUMERO, MSA_CAPACIDAD, MSA_DESCRIPCION) values (14, 19, 24, 3, 'DK2Q62JHU8498GTIOYRCH D4UHVYME2SH0N4IPBH3XDS0FV8Q789M5T97AD5CWKXRXY4T126EAF2GX0MUTU7L0EA5UFD P0WUN5EBR3XU9FRSF57TP0102W0D80 PKA4NPY2X4P1S24W3 8CO0Q38G58VPLQGXEYCRNLH59QT0R 6DAESXI1EY1LWO7SYVBOGL XHG53XL5WN AIRWE H1HN2QESP53FP8AB9AR4AGMWXXAUGG0G6TCU6J9O 4R');

insert into DOMO_MESA (MSA_ID, RTR_ID, MSA_NUMERO, MSA_CAPACIDAD, MSA_DESCRIPCION) values (1, 10, 17, 16, 'A4TEJWLKSDD0P5WCF4AFDY0MLD1FUVVF91LPOB 0V COEBAL65BA242A61714648621496OM54HKH555WBJR8Q3EQW9RPL6AU2R18XMX8404W557EN4K0LS FWKU7G4T 8IHXSCHOMDCXNMY9FGY DI37BK M0M16 7W3R2WYH5OAOMM29YN3GDW M HF7 5X1WEWNOSEW2855SGB0C O01ILOL5ET7HNGVGV1OUAA2J0PGSBTERH0V4QKEBTCY');

insert into DOMO_MESA (MSA_ID, RTR_ID, MSA_NUMERO, MSA_CAPACIDAD, MSA_DESCRIPCION) values (2, 11, 2, 0, 'BOGG80A9QSF4PTQKWD33DP6WX1MHUA4I08N7CNHB7 BIDXGR6NLJOW3R52K64X8VWGVTWLL9 V8JP3WC089 420S47BW44LLGD96N0BBVARREHR8T5EXNL203T179RT01X79SI39P3RUONN209KVR930E6AXK5D06 G8237LA ELBLV24DKNG9R3FEUXJWG6BAYFQ4QEJJ20LNJ5N7K3A8H8KLR9854R1IYCOFFGC9H9BMJW4EWAC5I18PC59C3');

insert into DOMO_MESA (MSA_ID, RTR_ID, MSA_NUMERO, MSA_CAPACIDAD, MSA_DESCRIPCION) values (22, 22, 21, 21, 'NU7 L69X8OMLMVPKI4FAG7FSRWL90QF FDWWY56NTHYQJ3I3X9SOY2X5A12ECAN3A8WRE 8PXRFDMG1AM6RBBJV396SYU4QL22K 0MW3 L8EOUO9TJLP7VV0VVDECWTEBK282IYI2 EVLS9QC2GPGS 00PBGVXD57GHE POGU3W8HA BRFEC3KOY9A07LYECKGVRBOQAQ0K3JVJE5GD 9 SKR9SWSA59XE3TTJ50RX7G6LW3EX8B8DKBEBU6YRF');

insert into DOMO_MESA (MSA_ID, RTR_ID, MSA_NUMERO, MSA_CAPACIDAD, MSA_DESCRIPCION) values (21, 2, 13, 4, 'WD00DCVEHM FJY3JBXMS9JLPEP6CVPQB3Q8BFYSDEMHVUJHASXGP0P19WUJA6T5FFGUNFVYC4RL 7UEE05AK2LNQLM6MI8DOAPTLXEJYVQO6NV4K802U63V 3JX6L2EFT61JV2BDMT QJSATIOO FAOCQPMPFKQH DIVGJH05 XVKW8NPU695GLGOY3WA5E IC7T5OUUYVUOLQOXDYJVYYNHWQ9ARCXJVT5KPEP4EQ66VX XX2SYQDGW140CNWE');

insert into DOMO_MESA (MSA_ID, RTR_ID, MSA_NUMERO, MSA_CAPACIDAD, MSA_DESCRIPCION) values (23, 6, 15, 7, '4D7F67VWLLJCBV90DKX1JOF4NNXDF3OH52J4NWDUDEUTWBO4C8WEJ8Y910IAVIQADTKCUFDF HX3NAB8CN0 T5 2S4 STK8I28M9JOG2DAOR84GSACYY2GQ82W3XC9JDSQR2GSDRV3NB7FHSHN4J FI0EW7RIT4LKIMX68207U3F 20QNLGY3OU5QKDG7RPGUJK58PMTKDUOY7RNX2OGV3CYF1A47X1RGKKY187RH9GQCCM4VQ2DORT99CBY9E4');

insert into DOMO_MESA (MSA_ID, RTR_ID, MSA_NUMERO, MSA_CAPACIDAD, MSA_DESCRIPCION) values (17, 7, 4, 24, 'UM49QV39YXT3BE6N9DYM T59FD5H4 J2L0J0Q0WB A8M44Q2NU0YOF RBC2FXX17ENWPEKF12BEJWKB6J UCUL7ME6CILHSW603 3KVBU8 YGKHKJY8SVC49M82OF20TFYR49YL5JKIQLX4VXDQT8KA9FB5MSU9O3RC2DMCOWD8B7DBXG5NQE1JDVM7K018DQ23DXA2A916U3IKQFP5FXH IISOJIO2 E0 AGM0EDD638UIFMT2HAJ0PDRS3QR2');

insert into DOMO_MESA (MSA_ID, RTR_ID, MSA_NUMERO, MSA_CAPACIDAD, MSA_DESCRIPCION) values (9, 17, 10, 13, 'RO1TQI7QNLKUGJT5AFO443QB640JI24V1O158OI1VT9K30QRSQVR7YGUAVCPP2LDC2DB KX1 GHHPMTVJXF7BI2ULB0TA8TRF OGWVR43FNKPE9CBYPHLFTURNM8F4EI274IG95XG8NJ6G281CLDWEUNML722BUCBX64UG9FITOXSV6 S19IS67C6E98QEKCAXSRX61USRE  RI8SMD7DHUALXMFM2USCIBQ57GN24VTQBSYF4XMG5O44GJ2LYY');

insert into DOMO_MESA (MSA_ID, RTR_ID, MSA_NUMERO, MSA_CAPACIDAD, MSA_DESCRIPCION) values (0, 21, 20, 10, '9XKG1PEBO6HLAQOOD97DOK FSAVPF5T ONDDHCJB 7 E0C4S 1YL3TUSHOJ5JIC 4BWMOKJ4WC9KEKVKLJ2TC NCP2EE7FCV4WK6 HA92XISN18GBUPOPI9M9EXB0GLHBFBCLUP6EHG6S2JPG4MA8IOY5R27BOXLR6NYF3S84ND6IM3JOO24RQUPQEDSBX8UPLL57BIOOA0REDA1W0U0VKT2MPU3VNETP7PIG8WOTCO6SIKACR9A 4L6P84QRXB');

insert into DOMO_MESA (MSA_ID, RTR_ID, MSA_NUMERO, MSA_CAPACIDAD, MSA_DESCRIPCION) values (5, 7, 6, 8, 'RG09Q7UD722GSS7G9A O7HIEV7Y29GGDHF33W03TE5JKKVQ99SBBC28VJ5UH2NAFDG5EIRT49OD5VGJV6SEP99LEGHKRC1HM7IM35WT3ISLKUCJPVUXYWBW8YCU 6PYD1OHG6KXJ3ONMFYO5LM6J29HMN2WLEFQ 7796RL02CSLHDC0ESXXD9OQMI5JIMMTNBG0DUF 9SPYP49IO8QHRUU1BP8307C7H91AK45QLA3UB15A1Y6PFVQWKQ4EQDB1');

insert into DOMO_ENCARGADORTR (USR_ID, RTR_ID, ENC_ID, ENC_NOMBRE, ENC_APELLIDO) values (20, 22, 17, '8RBDU1O8CP459P8K700L1VVNW9UL1A4IOQS95TQI', ' Q0B3HC1HM3V KV0GRQGV JLGSL1GMP BYD2UBCJ');

insert into DOMO_ENCARGADORTR (USR_ID, RTR_ID, ENC_ID, ENC_NOMBRE, ENC_APELLIDO) values (1, 2, 4, 'DXB UO9R8B5C 3Q9M5OALQAG K3A0V9MVHYXRU1V', '5H3JR896TR25WMES53NHEJ4SQ 2FJUVSE1RRE3OJ');

insert into DOMO_ENCARGADORTR (USR_ID, RTR_ID, ENC_ID, ENC_NOMBRE, ENC_APELLIDO) values (19, 14, 1, '6 Q30IBMBLK T28TRS HON RMH0C1E3L504Y6C77', '2SAJQW1NSNY7  PYMX04CTVBXBET3X3CMVEXUSQK');

insert into DOMO_ENCARGADORTR (USR_ID, RTR_ID, ENC_ID, ENC_NOMBRE, ENC_APELLIDO) values (10, 15, 9, 'PMJPYRV5NRH W5CSAYPU62OA980509S7K70LULVO', 'MTHO4EB3EVA0XE09K7KAIU9KW2NQ5OMG 0HHAOMH');

insert into DOMO_ENCARGADORTR (USR_ID, RTR_ID, ENC_ID, ENC_NOMBRE, ENC_APELLIDO) values (0, 12, 21, '8UX40OM6QTJ4AVV0OEB1K96FO7LXRWO788VDVYT1', 'GPB2I8RF5G6SVHQTB8KK5CJ 5GEDH211ABSIV9FB');

insert into DOMO_ENCARGADORTR (USR_ID, RTR_ID, ENC_ID, ENC_NOMBRE, ENC_APELLIDO) values (8, 9, 14, 'OUB3XAJGL8B8GSCDWE88LBKBB17CS5R81T2S96BX', 'GTB7XQUAD614U14FJA1979TDEHPM8W11GUEI01P ');

insert into DOMO_ENCARGADORTR (USR_ID, RTR_ID, ENC_ID, ENC_NOMBRE, ENC_APELLIDO) values (1, 7, 20, '98HDTQX41G52RXJ4AC3UPS26NB6EWTMGWYNDCAHH', 'LM5CTAVRIMH7JBYPATBWH DC 46UX68DI6BA36XL');

insert into DOMO_ENCARGADORTR (USR_ID, RTR_ID, ENC_ID, ENC_NOMBRE, ENC_APELLIDO) values (7, 17, 5, '1 T847EGV0 R1V40FX9A2WOOSRU7648WSH0N61SU', 'JD0F2Q7YJW5 XP3O01MH1B2ROD75B3C61GBBVF6N');

insert into DOMO_ENCARGADORTR (USR_ID, RTR_ID, ENC_ID, ENC_NOMBRE, ENC_APELLIDO) values (18, 22, 3, 'VYJ9RP1IB29YGHEXAYH32C8I7ASFXQ0D4WTJC3S2', 'R80NFOK6JWYX61P0RMRANUUFHMADNN70I60UFYYI');

insert into DOMO_ENCARGADORTR (USR_ID, RTR_ID, ENC_ID, ENC_NOMBRE, ENC_APELLIDO) values (11, 13, 15, '83C2C4M4PQ6BAEC0CSHSU 9UHH31U82T8A GIOTY', 'I RQTECMCA99QO0XGL3BK6EVI2KOTY661EVPVS0U');

insert into DOMO_ENCARGADORTR (USR_ID, RTR_ID, ENC_ID, ENC_NOMBRE, ENC_APELLIDO) values (22, 16, 12, 'G8UEM65U55P4 VHRWAWBSOFGBRY38HDNXFO EY22', '3L7QS87XGX7 B2OTF1AF4J1548DSU IHROEIIKIA');

insert into DOMO_ENCARGADORTR (USR_ID, RTR_ID, ENC_ID, ENC_NOMBRE, ENC_APELLIDO) values (13, 19, 16, 'PHC1YXC68S329E4EKNA4E8D5K87UGF8F3TM7V2CV', '35DE6URYY76HBX 7WDN0P9G11NXN84UK NNOWG26');

insert into DOMO_ENCARGADORTR (USR_ID, RTR_ID, ENC_ID, ENC_NOMBRE, ENC_APELLIDO) values (7, 7, 11, 'GCT7XT7O1VBUD1O3UJ5X6PMAD3YIBNS9L8FQVQJ1', 'ULEFXRBPHQEM185QOE6APPWYRQB6S8WYW4H 144N');

insert into DOMO_ENCARGADORTR (USR_ID, RTR_ID, ENC_ID, ENC_NOMBRE, ENC_APELLIDO) values (6, 2, 23, 'VCLO2GYN91KEH90OQ54YICQFNONVTCRU8V28VFPS', '12K1VXSBIURO9N4B3N COW9FWM918H9RR1ESUS9A');

insert into DOMO_ENCARGADORTR (USR_ID, RTR_ID, ENC_ID, ENC_NOMBRE, ENC_APELLIDO) values (11, 23, 13, 'DCSHT0VBBQ4R6B04NQGY A93A3UAU932Q2EM5AII', 'CQNCSLR6PIISYL EPRQNMPDCV8DL3OBT1R0VNLVP');

insert into DOMO_ENCARGADORTR (USR_ID, RTR_ID, ENC_ID, ENC_NOMBRE, ENC_APELLIDO) values (8, 14, 7, 'GJ0R6U1P3PA5C90B42XEE81OKA6VK824A96KQSR7', 'BC2CIWNC78A V2UFN5AA9TDMHHC2S57PQ32WSRMC');

insert into DOMO_ENCARGADORTR (USR_ID, RTR_ID, ENC_ID, ENC_NOMBRE, ENC_APELLIDO) values (10, 21, 8, 'IAL0WCPQ3QGPMPQO4E3DNCOLMGAKL1RL96E6YFI7', '9KJF78WOC49XJWS7LFGTN5EOQLALPI47T6FHABIC');

insert into DOMO_ENCARGADORTR (USR_ID, RTR_ID, ENC_ID, ENC_NOMBRE, ENC_APELLIDO) values (1, 13, 0, 'EYRCWWLM1A24HDUI4A2SXIHTMM5LXO8R7C7E4FVR', 'AINOO JNA C98WTR5MNNSY1CVF5SETFGUI1UXJHO');

insert into DOMO_ENCARGADORTR (USR_ID, RTR_ID, ENC_ID, ENC_NOMBRE, ENC_APELLIDO) values (15, 14, 18, 'N9PPQOPSITKGCJ2J SJFOOD2TGH7OCQ2ADTSJ25V', 'MGEL12LQVSHH393UEL46BM8MD6EX2F7RJ2883RN2');

insert into DOMO_ENCARGADORTR (USR_ID, RTR_ID, ENC_ID, ENC_NOMBRE, ENC_APELLIDO) values (20, 11, 2, 'J11X WK1PTLXNF8FFPI6I405EQJ9LOVX0U3QKQQ8', 'ROCN40TFFU6OD174ALWKGY6X4WPR1IQVQR2W 7HJ');

insert into DOMO_ENCARGADORTR (USR_ID, RTR_ID, ENC_ID, ENC_NOMBRE, ENC_APELLIDO) values (12, 22, 10, '8NJJS9XUEGIW3LCAE8A245ESR1KJBM3Q07YTK0AX', '07BCETGU1N2KVTHWF 0VW9CWSFS3A7469PUJR0WG');

insert into DOMO_ENCARGADORTR (USR_ID, RTR_ID, ENC_ID, ENC_NOMBRE, ENC_APELLIDO) values (7, 4, 19, '1YY5E28FQQSGUF WLBM50J THAPJ0W 0QCNTY7V4', '36MVS352KAMFE9PLXXW86TN2A7EOD865YWMM2BVH');

insert into DOMO_ENCARGADORTR (USR_ID, RTR_ID, ENC_ID, ENC_NOMBRE, ENC_APELLIDO) values (12, 22, 6, 'Y0 O3YMEEAOKWUJD8MULOHH1UPN U29MJQ49MJ61', 'PM9HOBX 4H3KDANM8HUCNCQV6HF15D6UYQ 6FIUU');

insert into DOMO_ENCARGADORTR (USR_ID, RTR_ID, ENC_ID, ENC_NOMBRE, ENC_APELLIDO) values (17, 12, 24, '4GEYUCN QTT1NSYMT AUM56U2GRSUD8AOATL57YV', 'CH88H48PPE3H2J9G9OERFP6OYMCD0U0B0X3V9PT8');

insert into DOMO_ENCARGADORTR (USR_ID, RTR_ID, ENC_ID, ENC_NOMBRE, ENC_APELLIDO) values (11, 19, 22, 'MDA2I8E 438SEE7A4NQ4L377016XR1YWGQ72FNL3', 'XM23EKOAE2GONXQHNERHFQ9DMKJCSEXEG67MQ6BL');

insert into DOMO_CLIENTE (CLI_ID, USR_ID, DIR_ID, CLI_NOMBRE, CLI_APELLIDO, CLI_TIPO) values (17, 15, 20, 'L0XW54US1SH6C1ALK3JOWFEIL IO78LX8P8BYFQW', 'U7OOP E4D 2F4YWL0E0371S0DGN5G44GU0EP379 ', 'N');

insert into DOMO_CLIENTE (CLI_ID, USR_ID, DIR_ID, CLI_NOMBRE, CLI_APELLIDO, CLI_TIPO) values (2, 19, 21, 'WOLVVY74090WJH75YBCV9GWF 4PL8120B0K2JMJO', 'OFTE7PMRASP31TAYJWKXD0VE8RTA5JHIUPF269R7', ' ');

insert into DOMO_CLIENTE (CLI_ID, USR_ID, DIR_ID, CLI_NOMBRE, CLI_APELLIDO, CLI_TIPO) values (8, 21, 19, 'ISS1KQ0WMI09G2RBW3W9LHQX8GTTBBKPY9E MNQ4', '3BIWTF55XO3S0P6WGH C84WE1OVWRMMANSGUYYDV', '0');

insert into DOMO_CLIENTE (CLI_ID, USR_ID, DIR_ID, CLI_NOMBRE, CLI_APELLIDO, CLI_TIPO) values (9, 14, 3, 'SEAR9U03O 5KP5TK00HX7ATUSN09CJOE36S 7HWG', '1SK2NMXEENSKQ1OHYHU1RNRKKB9TVF8IRM3PM5DJ', '1');

insert into DOMO_CLIENTE (CLI_ID, USR_ID, DIR_ID, CLI_NOMBRE, CLI_APELLIDO, CLI_TIPO) values (12, 21, 13, 'J5F19KQLIY4NV9IKST188EPQM46XII9I9K7JS4P4', 'K4X6277STPTBY52N5IHH P9PLXIF8H 0X6S3RH6G', '2');

insert into DOMO_CLIENTE (CLI_ID, USR_ID, DIR_ID, CLI_NOMBRE, CLI_APELLIDO, CLI_TIPO) values (24, 24, 19, 'CVM4T6XKINEJJ1BI5HMKY  NB66G2I3NNSSDV68T', 'CD168UNF4AH1SLC5KYHFUUKR0HMY9LJUUUKSHAXU', '3');

insert into DOMO_CLIENTE (CLI_ID, USR_ID, DIR_ID, CLI_NOMBRE, CLI_APELLIDO, CLI_TIPO) values (5, 17, 22, 'IEUAM 7B89QJ0MG5HS1 P35IP3UYT3Y2U4FJNXAJ', 'R3CFTTJS8AGRV86TV5FY49MF4 8WK2N2XNY6K AN', '4');

insert into DOMO_CLIENTE (CLI_ID, USR_ID, DIR_ID, CLI_NOMBRE, CLI_APELLIDO, CLI_TIPO) values (21, 0, 6, 'XGPOH8BB3O80D2H6EHV GSV649 XUMSRVHFH5MHM', 'OYMXPO5G4M  V0WTJYLXHKQEY61LOM9YGC0AU040', '5');

insert into DOMO_CLIENTE (CLI_ID, USR_ID, DIR_ID, CLI_NOMBRE, CLI_APELLIDO, CLI_TIPO) values (15, 17, 3, ' H01TJ A23OAL 29GQ6TEK9N69N3XH7OLCE8QJTM', 'TSVN5C7UYE3 54I9PA0HP6E3SBCPR001O0E3JNOE', '6');

insert into DOMO_CLIENTE (CLI_ID, USR_ID, DIR_ID, CLI_NOMBRE, CLI_APELLIDO, CLI_TIPO) values (1, 9, 2, 'LIUB5BVFIRE7KBH2H S8OCX9UO7FW1E3GNQ50AW3', 'HFLB59O2L4JR9O4TXEP3DNCDRIS5ULU90M53N30N', '7');

insert into DOMO_CLIENTE (CLI_ID, USR_ID, DIR_ID, CLI_NOMBRE, CLI_APELLIDO, CLI_TIPO) values (10, 20, 15, 'G2VQN8J11C6FBRGB5F135VFTKWJM3E4Q2QKQYLRR', 'GMPEJJLLVB8AG5IVIFF4QNMHJ0H2WPQRLRIJ5TM8', '8');

insert into DOMO_CLIENTE (CLI_ID, USR_ID, DIR_ID, CLI_NOMBRE, CLI_APELLIDO, CLI_TIPO) values (7, 20, 8, 'JETPS3UWIT8DARX1G263E O1I986UMSJ9LLU3OEA', 'LM7EA2AXMDMHI29ATK31O32YK67K7EV OYYJMC0N', '9');

insert into DOMO_CLIENTE (CLI_ID, USR_ID, DIR_ID, CLI_NOMBRE, CLI_APELLIDO, CLI_TIPO) values (11, 18, 9, 'GMY27E6649EPVA2TNJFOOGLV V2A8OQW0V5LRCRS', 'W81EU52 5M8IQ7K E VJW0A86CNKAWDDN95RC5M3', 'A');

insert into DOMO_CLIENTE (CLI_ID, USR_ID, DIR_ID, CLI_NOMBRE, CLI_APELLIDO, CLI_TIPO) values (3, 9, 17, '52O6MH12QVHHV1BE0GN289S8S5I4W1HMLJBWMNNV', 'EVWMWU PPKE3DC5IP77X3HAJQ361S6T6WIY70QD6', 'B');

insert into DOMO_CLIENTE (CLI_ID, USR_ID, DIR_ID, CLI_NOMBRE, CLI_APELLIDO, CLI_TIPO) values (0, 0, 14, 'N HLWDIX82JX7FQ1WCJDLVHI30DX1Q7LR0BJ68VD', 'MVFLV XJDFCSWSYTKU6GV8S2K2 PXI3LS4B1OEF7', 'C');

insert into DOMO_CLIENTE (CLI_ID, USR_ID, DIR_ID, CLI_NOMBRE, CLI_APELLIDO, CLI_TIPO) values (19, 10, 6, ' SO99407XRJST45ITBP XNBM GNMADHW85S2H5CP', 'U9JWLDVW2 YSEA0NUIC8KPTBE1B320PGCC1P3RSS', 'D');

insert into DOMO_CLIENTE (CLI_ID, USR_ID, DIR_ID, CLI_NOMBRE, CLI_APELLIDO, CLI_TIPO) values (18, 24, 24, '45JFL 7SEMWFH6UKQ9YPOFNQE1E23ASR4ND1 KLQ', 'OD3K5663O77KUSFU6OD2B26JKQYCDBTKDBYWYNAL', 'E');

insert into DOMO_CLIENTE (CLI_ID, USR_ID, DIR_ID, CLI_NOMBRE, CLI_APELLIDO, CLI_TIPO) values (4, 22, 22, '2LF9V0 80RFD X0CHRSLA5NO7SO 1TKTL8F6CR4H', 'KVI4R44UDJ9WTSFRTY1JCD8FOJPKODMKJR0 AWC4', 'F');

insert into DOMO_CLIENTE (CLI_ID, USR_ID, DIR_ID, CLI_NOMBRE, CLI_APELLIDO, CLI_TIPO) values (6, 3, 13, 'AQ4TSDF9Y23O9BH 4JUCWPOP8YXI3W2FMASXP339', 'RKJ8YBFLUTYP35OTO4A28VQL5E5XGCWOO1IC3NBO', 'G');

insert into DOMO_CLIENTE (CLI_ID, USR_ID, DIR_ID, CLI_NOMBRE, CLI_APELLIDO, CLI_TIPO) values (16, 11, 8, 'V34YB96B683SQ0P8SKM9GWRAJ008ECF7TCJRQBWH', ' O3XNQ1AWLDHJOHEHT9ABITOYOA6QOMU36MW15IJ', 'H');

insert into DOMO_CLIENTE (CLI_ID, USR_ID, DIR_ID, CLI_NOMBRE, CLI_APELLIDO, CLI_TIPO) values (22, 10, 9, '7OBPOGQBLD22O1IG6V5XKB76WSS2TR0FKYC2YO65', 'HUHKJ3 T5DE6 DECYKQBA940JFI1FCJF28WQ9HNY', 'I');

insert into DOMO_CLIENTE (CLI_ID, USR_ID, DIR_ID, CLI_NOMBRE, CLI_APELLIDO, CLI_TIPO) values (20, 3, 19, 'I K75JWF57BUY3FDPQ1IYTBB4QMLS6OYYF9O8KRY', 'AVD9KS96LBK B5TB9XGDX5V0THO3OY5XMJVX7LAQ', 'J');

insert into DOMO_CLIENTE (CLI_ID, USR_ID, DIR_ID, CLI_NOMBRE, CLI_APELLIDO, CLI_TIPO) values (23, 24, 6, 'LTHHAND4G BDIIPDBXILHF67V6 3B58U8WB0CUNY', 'BR75CY20OL0LQBJHGPNDVNH4C 974GMU3BVBX8GI', 'K');

insert into DOMO_CLIENTE (CLI_ID, USR_ID, DIR_ID, CLI_NOMBRE, CLI_APELLIDO, CLI_TIPO) values (13, 6, 14, 'UOCKXVJ24Y30BRVIO4FPU7Q590A7 J2K1DQRMSBY', 'SRH10GU46GGYWKU168RRI0PCFPKQNFWF34XP 6DG', 'L');

insert into DOMO_CLIENTE (CLI_ID, USR_ID, DIR_ID, CLI_NOMBRE, CLI_APELLIDO, CLI_TIPO) values (14, 12, 21, '0M7JNE9LFI GAMY1F6NK0ETSV1R542WT 3JGTJ5D', 'SPGUXKUCEOBXLPADB3495WKINT8AYXY5LRVT1J8T', 'M');


insert into DOMO_RESERVA (RSV_ID, MSA_ID, TPG_ID, RSV_HORA, RSV_FECHA, RSV_ESTADO, RSV_FECHADEREGISTRO, CLI_ID) values (17, 1, 9, '0:2:48', '826-1-9', '6KM6CY7R4NUPIXROBX5 DANDPBMDCN', '476-10-22', 13);

insert into DOMO_RESERVA (RSV_ID, MSA_ID, TPG_ID, RSV_HORA, RSV_FECHA, RSV_ESTADO, RSV_FECHADEREGISTRO, CLI_ID) values (2, 11, 14, '0:3:49', '779-12-13', 'UEP LDWGSRRNYCPY OJU5MVUFSTFTK', '1448-4-29', 17);

insert into DOMO_RESERVA (RSV_ID, MSA_ID, TPG_ID, RSV_HORA, RSV_FECHA, RSV_ESTADO, RSV_FECHADEREGISTRO, CLI_ID) values (8, 19, 5, '0:7:56', '1811-4-4', 'FGF6162SSU8S6GAKJ19SQ0RA JU4U1', '1544-6-29', 17);

insert into DOMO_RESERVA (RSV_ID, MSA_ID, TPG_ID, RSV_HORA, RSV_FECHA, RSV_ESTADO, RSV_FECHADEREGISTRO, CLI_ID) values (9, 21, 21, '0:29:59', '155-7-23', 'O4ENP8H70NOB0TVTRTUS2SQ61Y3JO9', '191-6-24', 17);

insert into DOMO_RESERVA (RSV_ID, MSA_ID, TPG_ID, RSV_HORA, RSV_FECHA, RSV_ESTADO, RSV_FECHADEREGISTRO, CLI_ID) values (12, 16, 15, '0:26:22', '1199-11-25', '94PRB80TFGMNM 7R8SF3YKKIBC83XR', '1110-6-1', 17);

insert into DOMO_RESERVA (RSV_ID, MSA_ID, TPG_ID, RSV_HORA, RSV_FECHA, RSV_ESTADO, RSV_FECHADEREGISTRO, CLI_ID) values (24, 23, 18, '0:19:19', '466-11-14', 'D7CSKQQXBC0J733NKMKQLXKIIU4RSP', '1760-8-10', 17);

insert into DOMO_RESERVA (RSV_ID, MSA_ID, TPG_ID, RSV_HORA, RSV_FECHA, RSV_ESTADO, RSV_FECHADEREGISTRO, CLI_ID) values (5, 19, 23, '0:12:33', '356-2-26', 'OYYXFL3UIB75DEAQYYIE39NBSLDNP1', '1173-8-26', 17);

insert into DOMO_RESERVA (RSV_ID, MSA_ID, TPG_ID, RSV_HORA, RSV_FECHA, RSV_ESTADO, RSV_FECHADEREGISTRO, CLI_ID) values (21, 14, 18, '0:1:0', '1722-7-16', '9EYM7GM98DYO NI7IXJ945X94W3H9W', '1-1-1', 17);

insert into DOMO_RESERVA (RSV_ID, MSA_ID, TPG_ID, RSV_HORA, RSV_FECHA, RSV_ESTADO, RSV_FECHADEREGISTRO, CLI_ID) values (15, 8, 8, '0:32:36', '47-4-8', 'K C8P1JV0T57T5LACIMIIQ3X3WQQGP', '408-1-24', 17);

insert into DOMO_RESERVA (RSV_ID, MSA_ID, TPG_ID, RSV_HORA, RSV_FECHA, RSV_ESTADO, RSV_FECHADEREGISTRO, CLI_ID) values (1, 13, 2, '0:28:38', '511-1-21', 'XI1QXTC9Y8LL4O6MMKQ MU DUVINDI', '1816-8-6', 17);

insert into DOMO_RESERVA (RSV_ID, MSA_ID, TPG_ID, RSV_HORA, RSV_FECHA, RSV_ESTADO, RSV_FECHADEREGISTRO, CLI_ID) values (10, 13, 4, '0:11:12', '1122-12-15', '6ITHFO2CO68P96MPMQBYDRMVFVE308', '899-2-28', 17);

insert into DOMO_RESERVA (RSV_ID, MSA_ID, TPG_ID, RSV_HORA, RSV_FECHA, RSV_ESTADO, RSV_FECHADEREGISTRO, CLI_ID) values (7, 20, 7, '0:10:6', '1497-8-9', '2CY  VXIWFXDOFRH7Q0XL0X4V1SSFS', '795-2-19', 17);

insert into DOMO_RESERVA (RSV_ID, MSA_ID, TPG_ID, RSV_HORA, RSV_FECHA, RSV_ESTADO, RSV_FECHADEREGISTRO, CLI_ID) values (11, 0, 16, '0:14:35', '627-1-4', 'DQY0 X5OM8UCN9BKSNORQH AXOSBCE', '612-1-21', 17);

insert into DOMO_RESERVA (RSV_ID, MSA_ID, TPG_ID, RSV_HORA, RSV_FECHA, RSV_ESTADO, RSV_FECHADEREGISTRO, CLI_ID) values (3, 6, 4, '0:7:8', '688-1-14', 'B47DFPR0R1I1CSX1VC 4X8IDQEVBY7', '1654-6-23', 17);

insert into DOMO_RESERVA (RSV_ID, MSA_ID, TPG_ID, RSV_HORA, RSV_FECHA, RSV_ESTADO, RSV_FECHADEREGISTRO, CLI_ID) values (0, 13, 6, '0:13:33', '1-1-1', 'US1C2SX6ALS0II225OM0UM28IEO 28', '1023-5-7', 17);

insert into DOMO_RESERVA (RSV_ID, MSA_ID, TPG_ID, RSV_HORA, RSV_FECHA, RSV_ESTADO, RSV_FECHADEREGISTRO, CLI_ID) values (19, 4, 11, '0:0:0', '1556-8-19', '5QFT9QGU5RUW0REEV 5YLVS79AA5EO', '58-12-20', 17);

insert into DOMO_RESERVA (RSV_ID, MSA_ID, TPG_ID, RSV_HORA, RSV_FECHA, RSV_ESTADO, RSV_FECHADEREGISTRO, CLI_ID) values (18, 12, 22, '0:20:32', '1642-2-2', 'SU8IM4CJOOV99UPHYVOU6DF633YITX', '307-6-5', 17);

insert into DOMO_RESERVA (RSV_ID, MSA_ID, TPG_ID, RSV_HORA, RSV_FECHA, RSV_ESTADO, RSV_FECHADEREGISTRO, CLI_ID) values (4, 10, 20, '0:15:51', '1451-11-28', '168X8NC5752P31O7YEQ8MJW8FC1VNJ', '103-6-24', 17);

insert into DOMO_RESERVA (RSV_ID, MSA_ID, TPG_ID, RSV_HORA, RSV_FECHA, RSV_ESTADO, RSV_FECHADEREGISTRO, CLI_ID) values (6, 17, 0, '0:31:40', '250-11-19', 'GXH7GGEQ 4IVSNW0OIDOB70HBPJOQF', '983-5-8', 17);

insert into DOMO_RESERVA (RSV_ID, MSA_ID, TPG_ID, RSV_HORA, RSV_FECHA, RSV_ESTADO, RSV_FECHADEREGISTRO, CLI_ID) values (16, 1, 8, '0:23:31', '1291-2-12', '2H 26JGR1X9YJ3WIKL72BO5O9LXLEL', '696-8-17', 17);

insert into DOMO_RESERVA (RSV_ID, MSA_ID, TPG_ID, RSV_HORA, RSV_FECHA, RSV_ESTADO, RSV_FECHADEREGISTRO, CLI_ID) values (22, 15, 10, '0:17:3', '926-6-3', 'SJ6WEAQ3GJQS80NCKXITN6JXHIHFQ4', '257-6-17', 17);

insert into DOMO_RESERVA (RSV_ID, MSA_ID, TPG_ID, RSV_HORA, RSV_FECHA, RSV_ESTADO, RSV_FECHADEREGISTRO, CLI_ID) values (20, 15, 2, '0:5:41', '1037-12-28', '8YCHD2NQ0KIXEOFX6PNHB1DETEN36K', '1603-11-18', 17);

insert into DOMO_RESERVA (RSV_ID, MSA_ID, TPG_ID, RSV_HORA, RSV_FECHA, RSV_ESTADO, RSV_FECHADEREGISTRO, CLI_ID) values (23, 11, 6, '0:24:55', '975-1-2', '4FJWTPU3EQNX0H M9IY87SMG3SC5RF', '1338-10-1', 17);

insert into DOMO_RESERVA (RSV_ID, MSA_ID, TPG_ID, RSV_HORA, RSV_FECHA, RSV_ESTADO, RSV_FECHADEREGISTRO, CLI_ID) values (13, 4, 5, '0:21:35', '1906-3-11', 'MB6GQCB0GNTXYHAJRW6KYFXVJ6UFW5', '1249-5-5', 17);

insert into DOMO_RESERVA (RSV_ID, MSA_ID, TPG_ID, RSV_HORA, RSV_FECHA, RSV_ESTADO, RSV_FECHADEREGISTRO, CLI_ID) values (14, 19, 8, '0:4:54', '1379-4-13', '8LVTPYOY6QG6R04VSWIIDWY4QDH0BK', '536-5-2', 17);


insert into DOMO_VALORACION (VAL_ID, RSV_ID, VAL_TITULO, VAL_DESCRIPCION, VAL_ESTRELLA) values (18, 21, 'IRFINDNLMDSPE3XF3NLMD SFVK9KS1', '8FW9 X85GYMKCY3XJG4T7F4L6AD3YXCMWWN06G01E 37WYINJ2YMX5874XCDA8TWWHM5Q7CVUELBMLOXA6YPK2X6D4WYIK55INOES  M5GJQAMMYG4I8U4Q86HKKM7KTRKQDRS7OE3G53XXDFUY7VEQFJ8UWVNXNGXOKDQTTIVX7DLM4GYSO 2I88AAITJKW89FFL66850HEUUCPIOFGSK5KV6JU8NC5GL 9NJ7IREQ7G08VD CC7DBQQ36C9XP', 0);

insert into DOMO_VALORACION (VAL_ID, RSV_ID, VAL_TITULO, VAL_DESCRIPCION, VAL_ESTRELLA) values (0, 17, 'ADU1LI2C7GN56L EDHEDF NFH2RXFJ', 'HAPDB5E9OLKCWFMYWLF41F77G YU99IJBP LQWLC4OOYSBEQFJ984XWISI9ATXMCHEIPK  WOSMBYW5AGBCC4EGIA16526O47W UQUPYKJW3HAVVHU80EY1XW0J827AF6JR453X0E9O3DTPACR4VAU 4XPVAPL49FBXPJP4783R3F6 WAKWN1OQW4494T24AF44SLXS3I MWG94J0H11QCXML3KL4QAK2LPLV9MT1NEF4ATLKKQRE B6Y87K9XV', 2);

insert into DOMO_VALORACION (VAL_ID, RSV_ID, VAL_TITULO, VAL_DESCRIPCION, VAL_ESTRELLA) values (1, 17, ' WR3UK7YT204L SMORG7WUN14A4J8H', 'TL6NDVII14JVI1QS0FLTL01W14WBXRA57P0NE QHYEYI3OEY8I6RBE8Q5H9ON2POFI4 0IBOBYYD4FBG83OOTAK30R9PNJF5RH8NJMWGD8B9KMUIIV8EXDACN6MG FVB JX8EHDAW4PJGGLI6YTDK603KBTQNWT7EYH1Y2YT7XHBU1G0RU3PM7J1X56VO1AYVI20OB5V6BUARELREHL52U03B2Q 7TNUR9HQ12PC7ERVCHHKP6L4WBT8VUBPC3G', 10);

insert into DOMO_VALORACION (VAL_ID, RSV_ID, VAL_TITULO, VAL_DESCRIPCION, VAL_ESTRELLA) values (7, 17, '11UCYD06W756B0I53LCTF2F UBKF8L', 'BYRHFJ0NE5NX2R3VJVO4P4UOOARMH8OM YYG0PUCAI1VL40SRL21NTJJSRD092AAKO5N342CF9UXRNVIN4YYB2DN22QOS2GW1M43TE6MEVR5ML7MO79ARY9J5G8LCGR6GV1K34H9 F ET7I0H6C8OM00UQQJYJL51XEMG0AS G0BOS5UVTYPGAC659G08MA36X8N2PRWJ3SC6NCHTI9H35WE6V1BI10LEHVQTY LT NPX5CPF5V28F7C7 KMR5 ', 14);

insert into DOMO_VALORACION (VAL_ID, RSV_ID, VAL_TITULO, VAL_DESCRIPCION, VAL_ESTRELLA) values (23, 17, '5 3FASUKGR6VEWUC VJK1T CEOIKXC', 'HFR4U5IX759DB8O7H05PT8EOYOJHQJE6W3F4O85GA3M410NX2YH8R2DOF7 MC66K8EQIOWPFPCBFCWJD1VM6TCNH9JAAWKY 7JE94L1ILO3AM5TE7ILRMFN69K15LB98TTQR2G BE383XN PPRXLL7QWGC89GNMX9QIVB9HCSRLM7 KVYNPO BCK85H59HKN4W4QIFH1RYH14D6GKGJGQ0X25AXPKCOW74F1 2YRK4S 3PFWKILPN8Y76C67QGM', 1);

insert into DOMO_VALORACION (VAL_ID, RSV_ID, VAL_TITULO, VAL_DESCRIPCION, VAL_ESTRELLA) values (19, 17, 'NV 8FIF6RVX9IX2XO2DJDXVF63XX1V', '0MBTRXXWOSXYFFHXI6CIPAI NH0FDVO1CQM9DAECY82XS2YCIWMI3 4K J3EBXJL17A7PSKDO0I5VVXE4K8CVVY8Q2LBKJ7080QN Y42QHCNXDYTB938IUIOA3Q 18I1WCJ5W3FK1DS L 5D4BF1UL1HY RO27 H QFRG8K1BL77VSCTDEI17JDCYA69EJQ3AY91596OAD7W7S00UGS36 1 GWL351JSJ336VTMOH9G9GMAT8PXMVX74FYT1WAX', 18);

insert into DOMO_VALORACION (VAL_ID, RSV_ID, VAL_TITULO, VAL_DESCRIPCION, VAL_ESTRELLA) values (8, 17, '90OPV2Q8H1I7VO8HTJ9 NGSA7YH4RP', 'DDH4SVAWBF2TWWT 33LNJS6PJUWRLMN SBRQ2UWNWGSB05MITYWXBSC 1JHJOMCGXVTDQVM7QXV4CA2 U6QUW5R7G9NESP8STBWS2G7H40WL6T1593DMTML6NNPRX232EYGQSI86ITT69L4F XGN59SCIB76P9F1RX87AB J9DTIXWPV5RVJFL1SYP0D6AI3WB9CCMKHULEF1FY8RMSYTKVB 597 JDAY3WGDIVMQBBV 9UVYGPSWHJBJ0AP8SW', 15);

insert into DOMO_VALORACION (VAL_ID, RSV_ID, VAL_TITULO, VAL_DESCRIPCION, VAL_ESTRELLA) values (6, 17, 'QJUX08LCQWXC9AE N3HHKLE0XKJ5Q2', 'B04P 9JL6F9L OX4TU4C2W14VOEU4NAQK99LHGN53G3LYJC9TNBP HFEQFGWQEN81U4QSY5SXEBX9KTM5JP4UX629W6N39UMF0DIR7SIVUFGIA28VQU65Y7HI6GOTICV2 GQI9R3TFSDDP70MI7QKVXU7F4SQYYQY2UC8PK59TM3SETJP65XVJ14OTV1TWYRPKUNCM80FO4ERISA50X62AQ1YJCU78Y7NTN8CM2T5SDAKMHFIFR891M4OU2T6D ', 22);

insert into DOMO_VALORACION (VAL_ID, RSV_ID, VAL_TITULO, VAL_DESCRIPCION, VAL_ESTRELLA) values (15, 17, 'B T715SFM  29PKM67VG13V8WMT ID', '8Q6GX WWGXUD2IXO 5SO2Q6MP71HX67JOL28V23VOWNYA44IP IQXWO6UIDXER8H8GXYIMGMXW10T3FK4K2TEC11G87NQQG2BB7IHUQ4HDU5S7LSL8WPBT8F5OWTN C 6OELS07QDFY1NIXL8UJ3S8VYDSVHAK0BRU2WPMOCFWA6249QY JN7N MC5HMYP0IWPQ0QBI486S 2CWFDVGV996U1193ASHJ6S0EQVLO7DESVLS9 EX7WGNGAEOQ5C1', 20);

insert into DOMO_VALORACION (VAL_ID, RSV_ID, VAL_TITULO, VAL_DESCRIPCION, VAL_ESTRELLA) values (12, 17, 'ABOTEQFAI02VWK87GHOE0NM7W05QC1', 'MVBIFR9A2I85T2JA802JYDQ0NKS85S1XI65VE8KKP3538GXDRH41D6SI4AGH0NRSB TTIT1WGN7924OJN7E1M6HUWJ90RGHWJYI1VF49JQ3R9IVR5RDCRESBE7RGT9E24L0AGAD8MM7QP9QLUH8OQ8UPI06GIDRIF4VC7YITRDJC5CO3TJTUFC DHDCN2E354M70Y5FNEVURA 9VHUJOLMN4 LRSL70BEVT5E06UGQE9NO53P4L0XBGD2NNM4XA', 21);

insert into DOMO_VALORACION (VAL_ID, RSV_ID, VAL_TITULO, VAL_DESCRIPCION, VAL_ESTRELLA) values (4, 17, 'WGS1JBICQF2FO0XIPEA XN0 J7RUOT', 'XTH6L7UY26D81R88DQUQQ0V819DSVL1VEATEAVA3I80 E QIY7AETB4ULFCODU7VO8285V95VQL ONJ6J7HQ5A2E1UXGXMHHAD455KYQF7X67X9KD8AFQ625U8AXGM469WR796UOYHI7DYV594BXK8QH2PCITDOI4EG4JWP QXOCKPJKJ6YBQKY BQUDXC06YVHB1SJSN8JJ96RN23CAA7XCO997RW82FPXVVTPD2J CX4AA6YH9C24GTNUHBDR', 8);

insert into DOMO_VALORACION (VAL_ID, RSV_ID, VAL_TITULO, VAL_DESCRIPCION, VAL_ESTRELLA) values (22, 17, 'CGOSC69K2GS7S VCADQIVWM3S170 C', '7MONG3WS6WCO12B6NTA380 8BVKOALVAS908FXSNTKL2J7DR0G PXHPC3L6MAOKR6KC4UJ7H21NEDWVMQ1DMOYWP6509XLFFU8OHD4QPSU7NRS8OG26WHN3X1D209ICUHLEBCYV230HMLHU3WMIE1UQVBJM2XK5SVFEDQA2K82 WFMYAX8XSMU8OTHIDCXKE01W57GMIJ5QUDWR2M1CH9YUTIJVOIS600DJ02RSFLU1LC3BD6N5PIIRXJM9I3EL', 23);

insert into DOMO_VALORACION (VAL_ID, RSV_ID, VAL_TITULO, VAL_DESCRIPCION, VAL_ESTRELLA) values (20, 17, 'VQF W1S1 3KUDCW4KX6BATTUKFVQH5', 'A5RD09MN72CP1SWLJ 81EQY1245O6E166W5T1EF9YUCWWW4I5II8ETOOHR2ISG0BWT0TSSLL3W09NHLV1GO96E4LP WK6UM8XOCKOBMHBF5QJY6CCNH44PRLLKL00WA32EOSWK PLQ0QMIOKI295CO5CAFRGQKC D01JHT7V7BF2QV318VT6PVSJ5KGYKG9U7R1C8YUMOSQ GIB6HCHEWI9MU8AVHTHK50S1OIIDTYT26ICCJY6DDH73ETE29KH', 5);

insert into DOMO_VALORACION (VAL_ID, RSV_ID, VAL_TITULO, VAL_DESCRIPCION, VAL_ESTRELLA) values (11, 17, 'I5QYK07JOFFN4RTLOR5WOJVN06L4H6', 'W4BY 7PTKQR3D3M5RYA94EB88 THQGATLCCOUWEEFTAGA48TJJ5Q2X70B5WPKF9069YPQO5 7QUEP FDQEG20U08IPXTK9AN7L497929 ESYU8WYCX996N7OTQW46W D1F25631YQ2QMC41N6STT6R017LYDA0IS011MYGJWF8EGBQVM1 IV3B66LYDW52QLC0JKACPUVOO35Y24KOW C78VPQOKEA7H596CCMDORHLMSD0BCFPBS5A 83GS5P1', 13);

insert into DOMO_VALORACION (VAL_ID, RSV_ID, VAL_TITULO, VAL_DESCRIPCION, VAL_ESTRELLA) values (21, 17, 'BVP4DLCBSRY0EDVYTMKUTD69R862NK', '7GWRTNUY9R0CPGFNGV0RIMO4FRMGHV53K8E8H6DLHEVAJVCNVJJ3SL 74T0N3G6UABGN89F2A40YU41CUNBVUP7M QC4M67EAF2BLPXSNAK WOCPRD0FYG340VY4JQBMD8JLLOKUJ527FHQBYVK9XQA37FG0Y9IWHBE2SQV 0V8LSSLIV3502S8ONIRDE9HEI5IG9W5L4I5ASD 6X09G7C0JD50X0MPTE2 NMKEQY22LUBTWMGNKRHN2I9PJFPH', 4);

insert into DOMO_VALORACION (VAL_ID, RSV_ID, VAL_TITULO, VAL_DESCRIPCION, VAL_ESTRELLA) values (16, 17, '5E2MSGXGPG9X69N95QUEQ87SLSBO70', 'M7D8O0IJ3MENYU5Q F4DHMPVB7PL8T7VVV9YP5Y53ABRY8T7AXPSE9Y6YL8N6VAOBIU438IOO5IJD NGENPGTNIVDXF7QVIKB62YC 69LFKG4KEHI7L9A942JDXUDISWY V04OFX4C189284H8PFI6VK495GQ6HVW232951EA6AV10OWWEDDG D2GTG5OMDGINE9OQB7Q9NOTHQ6XDOU3QH IF4D48METWGYJ9TPQWD755Q3DWSUO3MIXECT8WS', 7);

insert into DOMO_VALORACION (VAL_ID, RSV_ID, VAL_TITULO, VAL_DESCRIPCION, VAL_ESTRELLA) values (2, 17, 'GWTW9UPKGJOIR1LQVKDWOTYUTU4XCV', '8G2RR45OYAIKAQ5ILRPMNK7HMY67I72V9TESOVCBT GA2F56C9L3W9SA4K4PPKO8JU9VVDBK047G 8EDTNE0EF2JJDPQYT7P 5W8WD1RXL7YPCN3BEY2AXS96LF23ROG83R2HS0JS YJ815QUO5V0Q8S76SG89M3PK7EPPC MK0USTR297VXA 9YHOCISF5NM7N8XBLL78VGXBSD4G3O1 7XPBMREEUJ 9KFR V94I6UHC58VIRGL6XAB AL3MV', 6);

insert into DOMO_VALORACION (VAL_ID, RSV_ID, VAL_TITULO, VAL_DESCRIPCION, VAL_ESTRELLA) values (13, 17, 'OKMIHRYR1UY9I0RW3YLT8TJFOL3J11', 'JKOFR3AUAOMJFIS7OM3WHH6W3J7YE1KWYX0RX5VPD0GLGGUX4COJVHR OF6AETX3DEI5JDM4M2H24YORGS8QQSUQXRR P6K9V4151IIDKHXMKXRQWFKMYPI403GSG9FLUY5DWLP85SL2RMOC3L AGY0PLUEGJEQY7M2GEXJ0P7 4MK3O4CJWYHQJP3GSU9PM7LM4R4GIXR8M0IYCFIWP5I79SU2M5RWIH2C04234 96ELJAGVQGULK4YNQES43U', 17);

insert into DOMO_VALORACION (VAL_ID, RSV_ID, VAL_TITULO, VAL_DESCRIPCION, VAL_ESTRELLA) values (10, 17, ' HTBP2EMKD2S86K4529KBUIC1NYIB4', 'Y44EXHV8QGC9C20ANSH5MTGEAM966DSEWMILLT0TT8DKCWJA5SWOC570IAQWPELFTVVGUY7YARHXCL2TN0 B9Y85BR6NCJJ2N4K2INEVNRMPBIRJFYH2SD55YIF7260IY4PAFJX0YEJ08U398HYJAKVH8E2XWGM7SYAII7CWQAQM5SU0EXQ 4JMSGPJXUJ8PP5 VO4H92EGV4G1VR0WET6VWH5 W0F1OSLA5XNH0L4SV7R05PUCBSCEQQTD9I2I', 16);

insert into DOMO_VALORACION (VAL_ID, RSV_ID, VAL_TITULO, VAL_DESCRIPCION, VAL_ESTRELLA) values (24, 17, 'S VYIU4IXLXFQV59DH8VA4EQ4W8MKK', '2RMHQ62P5GALAKMCA5YR0JR7E27F0GADTP NPIKWVB2HICTXWHAKDN2O6Y8OV1UN6DTLTY9 IE3VJP1XRQ5 0MTEID7F7FCNF0MYFL48LHEY2WWSRDC224H8 UVRYWD 4DE4LJ36SSDOF5W8YG KHRDEAEBJUPEHVQHA1YYLV5VUMQH9MIM3Q6SBCL4E63RAHYMF3 FMUW5X9 W64O8Y12WQ7K7RXGRVXD09TV4MTXTBP7GI0J7B86SN1WXUP3K', 9);

insert into DOMO_VALORACION (VAL_ID, RSV_ID, VAL_TITULO, VAL_DESCRIPCION, VAL_ESTRELLA) values (17, 17, 'R5070K9T64LD8ILLCNM9PH1C6W7EIC', 'XCW7BTTM83LY1US86Y9B3T8FE9T0MTF9E Y6XF4BF3U 0C6A9TKQ0X2QIDYNV8VUMAHC5O3LDF4SVHQK7NM1HEGGV1LE5HV75U HW62NLTHN25 WOJ88TO8CL3G8SWW6RDFSS8COW7E8UXD3NWNQ2XC 5IVIVBIFMTFV9REQBNXM63HRF4OC0VNV7GM2BD6L371QJFMS6CNBUJTIHWO9A 3HQ721T9J7WRVTLGHP4PQ6GS1SP0J59BO30832SV6', 3);

insert into DOMO_VALORACION (VAL_ID, RSV_ID, VAL_TITULO, VAL_DESCRIPCION, VAL_ESTRELLA) values (14, 17, 'WTKGGNSCBW4F355YVJGT76PR0WTY B', 'PYU1X8RHA38SJA2P04EN 4OD M554HQQEJ09B0X377N 3J9HF66Y8TF89CP5MY2VJ5WPL88W1 S2Y3U29HLXQ2NC AUKEYOAAMD5S1HIB5M9NM16M12KQD1R4VNEO23PP ETECAHGRDC3MNKH05EU1 NIRB82OGXPN6I9UTIP3AMMC70TYMH75I6WVA4MYNQ79 KNYY9DRVY SSBDNBG7IBI0H3NSR2XYQAV6Y7FIMRNBTAAX5BDQUQVD3FYDUW', 11);

insert into DOMO_VALORACION (VAL_ID, RSV_ID, VAL_TITULO, VAL_DESCRIPCION, VAL_ESTRELLA) values (5, 17, 'RH1AR42S10HR568OPVGAXI2GQGFGEV', 'DNAPS VPR6UPO602V2TRY3HQJII6QONWYUE 9IHB0BWOFIQBWE92CYN0STSC4BIIM2U4PNEJ0RFQVP6SCBFQAFDVXJA2WEGUAPP55Q0GK9H6HH8W66HE1YC9BXNRBD9OY2AC3EGWKHCEB2OQD9XWDH5TC2TU65MEMC83KTNCW0KYX0Y1YQI7LB3TE  YQ V2COEY6FBUH9 JEBF71M9HK5A7XMMYXK7F73 M17X6AMQ3BE2ANYI N4MKFRIQ3 L', 12);

insert into DOMO_VALORACION (VAL_ID, RSV_ID, VAL_TITULO, VAL_DESCRIPCION, VAL_ESTRELLA) values (9, 17, 'XO6LO4AKWM08A59I17C6WF6SDWPY3T', 'UAHH0RGTSAF7LV0S XKU6RSR4D6OG5SRDRQL3KW0QIS39QE7P1A6NB05TCHGCJU7PRJC33PCR0VCF45QF6TM6C607U8GU9H96IL1CMDF8VM9LRBJTJPOP91DHJWLJTG0S8FABXWO87YCFXAL9DI086Q0J0T059UA86HXO9LAF6PDRFXOQYMP1MTIWX95L47QTO657I976XLIIMGBUMEYIO97R0FRWJHTH0QBX 06IP82UCITXO0F6 G9XYCVA41', 24);

insert into DOMO_VALORACION (VAL_ID, RSV_ID, VAL_TITULO, VAL_DESCRIPCION, VAL_ESTRELLA) values (3, 17, ' WK0GX6F1F8PABVVGSNJYJFMKYGT L', 'RDKBYAGHYPXUNSFQQX7RI7FX5W3P90I AYNX E1I9WTJIX3I0TROCNKFI7N5F8O0T34X72FIJCDTOSDY22YDSNAMEA2TN58ELFG57VBKSA69N76GYTPDGF2H5CTG SB HK0TOSUKPYOR3FV7D7TH6TOQQOC1OQIB 61CLEJ4KP8FSA84PE0TY5EWSLXV32RQBYPHXUDPDT5RQ6F0XMWQVAUCOFVIRFFEAM49XQNHQNKE1  DQ30V7N35AK8UFYC', 19);
